category,date_created,date_updated,file_name,file_size,organization,remote_url,restricted,subcategory,subdirectory,visible,download_url
Study Metadata Files,1787194635.982,1787194635.982,OSD-218_metadata_OSD-218-ISA.zip,149299,OSD,/geode-py/ws/studies/OSD-218/download?source=datamanager&file=OSD-218_metadata_OSD-218-ISA.zip,False,,,True,https://osdr.nasa.gov/geode-py/ws/studies/OSD-218/download?source=datamanager&file=OSD-218_metadata_OSD-218-ISA.zip
GeneLab Processed RNA-Seq Files,1787194636.083,1787194636.083,GLDS-218_rna_seq_processed_md5sum_GLbulkRNAseq.tsv,38547,genelab,/geode-py/ws/studies/OSD-218/download?source=datamanager&file=GLDS-218_rna_seq_processed_md5sum_GLbulkRNAseq.tsv,False,MD5 Checksums,,True,https://osdr.nasa.gov/geode-py/ws/studies/OSD-218/download?source=datamanager&file=GLDS-218_rna_seq_processed_md5sum_GLbulkRNAseq.tsv
GeneLab Processed RNA-Seq Files,1787194636.182,1787194636.182,GLDS-218_rna_seq_software_versions_GLbulkRNAseq.md,3051,genelab,/geode-py/ws/studies/OSD-218/download?source=datamanager&file=GLDS-218_rna_seq_software_versions_GLbulkRNAseq.md,False,Processing Info,,True,https://osdr.nasa.gov/geode-py/ws/studies/OSD-218/download?source=datamanager&file=GLDS-218_rna_seq_software_versions_GLbulkRNAseq.md
GeneLab Processed RNA-Seq Files,1787194636.284,1787194636.284,GLDS-218_rna_seq_processing_info_GLbulkRNAseq.zip,15967,genelab,/geode-py/ws/studies/OSD-218/download?source=datamanager&file=GLDS-218_rna_seq_processing_info_GLbulkRNAseq.zip,False,Processing Info,,True,https://osdr.nasa.gov/geode-py/ws/studies/OSD-218/download?source=datamanager&file=GLDS-218_rna_seq_processing_info_GLbulkRNAseq.zip
GeneLab Processed RNA-Seq Files,1787194636.384,1787194636.384,GLDS-218_rna_seq_bulkRNASeq_v2_runsheet.csv,11617,genelab,/geode-py/ws/studies/OSD-218/download?source=datamanager&file=GLDS-218_rna_seq_bulkRNASeq_v2_runsheet.csv,False,Processing Info,,True,https://osdr.nasa.gov/geode-py/ws/studies/OSD-218/download?source=datamanager&file=GLDS-218_rna_seq_bulkRNASeq_v2_runsheet.csv
GeneLab Processed RNA-Seq Files,1787194636.485,1787194636.485,GLDS-218_rna_seq_SAMN06465276_R2_GLbulkRNAseq_trimming_report.txt,3476,genelab,/geode-py/ws/studies/OSD-218/download?source=datamanager&file=GLDS-218_rna_seq_SAMN06465276_R2_GLbulkRNAseq_trimming_report.txt,False,Trimmed Sequence Data,Trimming Reports,True,https://osdr.nasa.gov/geode-py/ws/studies/OSD-218/download?source=datamanager&file=GLDS-218_rna_seq_SAMN06465276_R2_GLbulkRNAseq_trimming_report.txt
GeneLab Processed RNA-Seq Files,1787194636.587,1787194636.587,GLDS-218_rna_seq_SAMN06465276_R1_GLbulkRNAseq_trimming_report.txt,3260,genelab,/geode-py/ws/studies/OSD-218/download?source=datamanager&file=GLDS-218_rna_seq_SAMN06465276_R1_GLbulkRNAseq_trimming_report.txt,False,Trimmed Sequence Data,Trimming Reports,True,https://osdr.nasa.gov/geode-py/ws/studies/OSD-218/download?source=datamanager&file=GLDS-218_rna_seq_SAMN06465276_R1_GLbulkRNAseq_trimming_report.txt
GeneLab Processed RNA-Seq Files,1787194636.689,1787194636.689,GLDS-218_rna_seq_SAMN06465275_R2_GLbulkRNAseq_trimming_report.txt,3531,genelab,/geode-py/ws/studies/OSD-218/download?source=datamanager&file=GLDS-218_rna_seq_SAMN06465275_R2_GLbulkRNAseq_trimming_report.txt,False,Trimmed Sequence Data,Trimming Reports,True,https://osdr.nasa.gov/geode-py/ws/studies/OSD-218/download?source=datamanager&file=GLDS-218_rna_seq_SAMN06465275_R2_GLbulkRNAseq_trimming_report.txt
GeneLab Processed RNA-Seq Files,1787194636.789,1787194636.789,GLDS-218_rna_seq_SAMN06465275_R1_GLbulkRNAseq_trimming_report.txt,3328,genelab,/geode-py/ws/studies/OSD-218/download?source=datamanager&file=GLDS-218_rna_seq_SAMN06465275_R1_GLbulkRNAseq_trimming_report.txt,False,Trimmed Sequence Data,Trimming Reports,True,https://osdr.nasa.gov/geode-py/ws/studies/OSD-218/download?source=datamanager&file=GLDS-218_rna_seq_SAMN06465275_R1_GLbulkRNAseq_trimming_report.txt
GeneLab Processed RNA-Seq Files,1787194636.89,1787194636.89,GLDS-218_rna_seq_SAMN06465273_R2_GLbulkRNAseq_trimming_report.txt,3480,genelab,/geode-py/ws/studies/OSD-218/download?source=datamanager&file=GLDS-218_rna_seq_SAMN06465273_R2_GLbulkRNAseq_trimming_report.txt,False,Trimmed Sequence Data,Trimming Reports,True,https://osdr.nasa.gov/geode-py/ws/studies/OSD-218/download?source=datamanager&file=GLDS-218_rna_seq_SAMN06465273_R2_GLbulkRNAseq_trimming_report.txt
GeneLab Processed RNA-Seq Files,1787194636.99,1787194636.99,GLDS-218_rna_seq_SAMN06465273_R1_GLbulkRNAseq_trimming_report.txt,3276,genelab,/geode-py/ws/studies/OSD-218/download?source=datamanager&file=GLDS-218_rna_seq_SAMN06465273_R1_GLbulkRNAseq_trimming_report.txt,False,Trimmed Sequence Data,Trimming Reports,True,https://osdr.nasa.gov/geode-py/ws/studies/OSD-218/download?source=datamanager&file=GLDS-218_rna_seq_SAMN06465273_R1_GLbulkRNAseq_trimming_report.txt
GeneLab Processed RNA-Seq Files,1787194637.091,1787194637.091,GLDS-218_rna_seq_SAMN06465272_R2_GLbulkRNAseq_trimming_report.txt,3487,genelab,/geode-py/ws/studies/OSD-218/download?source=datamanager&file=GLDS-218_rna_seq_SAMN06465272_R2_GLbulkRNAseq_trimming_report.txt,False,Trimmed Sequence Data,Trimming Reports,True,https://osdr.nasa.gov/geode-py/ws/studies/OSD-218/download?source=datamanager&file=GLDS-218_rna_seq_SAMN06465272_R2_GLbulkRNAseq_trimming_report.txt
GeneLab Processed RNA-Seq Files,1787194637.192,1787194637.192,GLDS-218_rna_seq_SAMN06465272_R1_GLbulkRNAseq_trimming_report.txt,3280,genelab,/geode-py/ws/studies/OSD-218/download?source=datamanager&file=GLDS-218_rna_seq_SAMN06465272_R1_GLbulkRNAseq_trimming_report.txt,False,Trimmed Sequence Data,Trimming Reports,True,https://osdr.nasa.gov/geode-py/ws/studies/OSD-218/download?source=datamanager&file=GLDS-218_rna_seq_SAMN06465272_R1_GLbulkRNAseq_trimming_report.txt
GeneLab Processed RNA-Seq Files,1787194637.292,1787194637.292,GLDS-218_rna_seq_SAMN06465270_R2_GLbulkRNAseq_trimming_report.txt,3502,genelab,/geode-py/ws/studies/OSD-218/download?source=datamanager&file=GLDS-218_rna_seq_SAMN06465270_R2_GLbulkRNAseq_trimming_report.txt,False,Trimmed Sequence Data,Trimming Reports,True,https://osdr.nasa.gov/geode-py/ws/studies/OSD-218/download?source=datamanager&file=GLDS-218_rna_seq_SAMN06465270_R2_GLbulkRNAseq_trimming_report.txt
GeneLab Processed RNA-Seq Files,1787194637.39,1787194637.39,GLDS-218_rna_seq_SAMN06465270_R1_GLbulkRNAseq_trimming_report.txt,3289,genelab,/geode-py/ws/studies/OSD-218/download?source=datamanager&file=GLDS-218_rna_seq_SAMN06465270_R1_GLbulkRNAseq_trimming_report.txt,False,Trimmed Sequence Data,Trimming Reports,True,https://osdr.nasa.gov/geode-py/ws/studies/OSD-218/download?source=datamanager&file=GLDS-218_rna_seq_SAMN06465270_R1_GLbulkRNAseq_trimming_report.txt
GeneLab Processed RNA-Seq Files,1787194637.495,1787194637.495,GLDS-218_rna_seq_SAMN06465269_R2_GLbulkRNAseq_trimming_report.txt,3512,genelab,/geode-py/ws/studies/OSD-218/download?source=datamanager&file=GLDS-218_rna_seq_SAMN06465269_R2_GLbulkRNAseq_trimming_report.txt,False,Trimmed Sequence Data,Trimming Reports,True,https://osdr.nasa.gov/geode-py/ws/studies/OSD-218/download?source=datamanager&file=GLDS-218_rna_seq_SAMN06465269_R2_GLbulkRNAseq_trimming_report.txt
GeneLab Processed RNA-Seq Files,1787194637.601,1787194637.601,GLDS-218_rna_seq_SAMN06465269_R1_GLbulkRNAseq_trimming_report.txt,3304,genelab,/geode-py/ws/studies/OSD-218/download?source=datamanager&file=GLDS-218_rna_seq_SAMN06465269_R1_GLbulkRNAseq_trimming_report.txt,False,Trimmed Sequence Data,Trimming Reports,True,https://osdr.nasa.gov/geode-py/ws/studies/OSD-218/download?source=datamanager&file=GLDS-218_rna_seq_SAMN06465269_R1_GLbulkRNAseq_trimming_report.txt
GeneLab Processed RNA-Seq Files,1787194637.709,1787194637.709,GLDS-218_rna_seq_SAMN06465268_R2_GLbulkRNAseq_trimming_report.txt,3480,genelab,/geode-py/ws/studies/OSD-218/download?source=datamanager&file=GLDS-218_rna_seq_SAMN06465268_R2_GLbulkRNAseq_trimming_report.txt,False,Trimmed Sequence Data,Trimming Reports,True,https://osdr.nasa.gov/geode-py/ws/studies/OSD-218/download?source=datamanager&file=GLDS-218_rna_seq_SAMN06465268_R2_GLbulkRNAseq_trimming_report.txt
GeneLab Processed RNA-Seq Files,1787194637.814,1787194637.814,GLDS-218_rna_seq_SAMN06465268_R1_GLbulkRNAseq_trimming_report.txt,3270,genelab,/geode-py/ws/studies/OSD-218/download?source=datamanager&file=GLDS-218_rna_seq_SAMN06465268_R1_GLbulkRNAseq_trimming_report.txt,False,Trimmed Sequence Data,Trimming Reports,True,https://osdr.nasa.gov/geode-py/ws/studies/OSD-218/download?source=datamanager&file=GLDS-218_rna_seq_SAMN06465268_R1_GLbulkRNAseq_trimming_report.txt
GeneLab Processed RNA-Seq Files,1787194637.924,1787194637.924,GLDS-218_rna_seq_SAMN06465267_R2_GLbulkRNAseq_trimming_report.txt,3494,genelab,/geode-py/ws/studies/OSD-218/download?source=datamanager&file=GLDS-218_rna_seq_SAMN06465267_R2_GLbulkRNAseq_trimming_report.txt,False,Trimmed Sequence Data,Trimming Reports,True,https://osdr.nasa.gov/geode-py/ws/studies/OSD-218/download?source=datamanager&file=GLDS-218_rna_seq_SAMN06465267_R2_GLbulkRNAseq_trimming_report.txt
GeneLab Processed RNA-Seq Files,1787194638.035,1787194638.035,GLDS-218_rna_seq_SAMN06465267_R1_GLbulkRNAseq_trimming_report.txt,3288,genelab,/geode-py/ws/studies/OSD-218/download?source=datamanager&file=GLDS-218_rna_seq_SAMN06465267_R1_GLbulkRNAseq_trimming_report.txt,False,Trimmed Sequence Data,Trimming Reports,True,https://osdr.nasa.gov/geode-py/ws/studies/OSD-218/download?source=datamanager&file=GLDS-218_rna_seq_SAMN06465267_R1_GLbulkRNAseq_trimming_report.txt
GeneLab Processed RNA-Seq Files,1787194638.147,1787194638.147,GLDS-218_rna_seq_SAMN06465201_R2_GLbulkRNAseq_trimming_report.txt,3477,genelab,/geode-py/ws/studies/OSD-218/download?source=datamanager&file=GLDS-218_rna_seq_SAMN06465201_R2_GLbulkRNAseq_trimming_report.txt,False,Trimmed Sequence Data,Trimming Reports,True,https://osdr.nasa.gov/geode-py/ws/studies/OSD-218/download?source=datamanager&file=GLDS-218_rna_seq_SAMN06465201_R2_GLbulkRNAseq_trimming_report.txt
GeneLab Processed RNA-Seq Files,1787194638.252,1787194638.252,GLDS-218_rna_seq_SAMN06465201_R1_GLbulkRNAseq_trimming_report.txt,3270,genelab,/geode-py/ws/studies/OSD-218/download?source=datamanager&file=GLDS-218_rna_seq_SAMN06465201_R1_GLbulkRNAseq_trimming_report.txt,False,Trimmed Sequence Data,Trimming Reports,True,https://osdr.nasa.gov/geode-py/ws/studies/OSD-218/download?source=datamanager&file=GLDS-218_rna_seq_SAMN06465201_R1_GLbulkRNAseq_trimming_report.txt
GeneLab Processed RNA-Seq Files,1787194638.36,1787194638.36,GLDS-218_rna_seq_SAMN06465197_R2_GLbulkRNAseq_trimming_report.txt,3481,genelab,/geode-py/ws/studies/OSD-218/download?source=datamanager&file=GLDS-218_rna_seq_SAMN06465197_R2_GLbulkRNAseq_trimming_report.txt,False,Trimmed Sequence Data,Trimming Reports,True,https://osdr.nasa.gov/geode-py/ws/studies/OSD-218/download?source=datamanager&file=GLDS-218_rna_seq_SAMN06465197_R2_GLbulkRNAseq_trimming_report.txt
GeneLab Processed RNA-Seq Files,1787194638.464,1787194638.464,GLDS-218_rna_seq_SAMN06465197_R1_GLbulkRNAseq_trimming_report.txt,3272,genelab,/geode-py/ws/studies/OSD-218/download?source=datamanager&file=GLDS-218_rna_seq_SAMN06465197_R1_GLbulkRNAseq_trimming_report.txt,False,Trimmed Sequence Data,Trimming Reports,True,https://osdr.nasa.gov/geode-py/ws/studies/OSD-218/download?source=datamanager&file=GLDS-218_rna_seq_SAMN06465197_R1_GLbulkRNAseq_trimming_report.txt
GeneLab Processed RNA-Seq Files,1787194638.568,1787194638.568,GLDS-218_rna_seq_SAMN06465194_R2_GLbulkRNAseq_trimming_report.txt,3507,genelab,/geode-py/ws/studies/OSD-218/download?source=datamanager&file=GLDS-218_rna_seq_SAMN06465194_R2_GLbulkRNAseq_trimming_report.txt,False,Trimmed Sequence Data,Trimming Reports,True,https://osdr.nasa.gov/geode-py/ws/studies/OSD-218/download?source=datamanager&file=GLDS-218_rna_seq_SAMN06465194_R2_GLbulkRNAseq_trimming_report.txt
GeneLab Processed RNA-Seq Files,1787194638.674,1787194638.674,GLDS-218_rna_seq_SAMN06465194_R1_GLbulkRNAseq_trimming_report.txt,3291,genelab,/geode-py/ws/studies/OSD-218/download?source=datamanager&file=GLDS-218_rna_seq_SAMN06465194_R1_GLbulkRNAseq_trimming_report.txt,False,Trimmed Sequence Data,Trimming Reports,True,https://osdr.nasa.gov/geode-py/ws/studies/OSD-218/download?source=datamanager&file=GLDS-218_rna_seq_SAMN06465194_R1_GLbulkRNAseq_trimming_report.txt
GeneLab Processed RNA-Seq Files,1787194638.78,1787194638.78,GLDS-218_rna_seq_SAMN06465190_R2_GLbulkRNAseq_trimming_report.txt,3455,genelab,/geode-py/ws/studies/OSD-218/download?source=datamanager&file=GLDS-218_rna_seq_SAMN06465190_R2_GLbulkRNAseq_trimming_report.txt,False,Trimmed Sequence Data,Trimming Reports,True,https://osdr.nasa.gov/geode-py/ws/studies/OSD-218/download?source=datamanager&file=GLDS-218_rna_seq_SAMN06465190_R2_GLbulkRNAseq_trimming_report.txt
GeneLab Processed RNA-Seq Files,1787194638.889,1787194638.889,GLDS-218_rna_seq_SAMN06465190_R1_GLbulkRNAseq_trimming_report.txt,3248,genelab,/geode-py/ws/studies/OSD-218/download?source=datamanager&file=GLDS-218_rna_seq_SAMN06465190_R1_GLbulkRNAseq_trimming_report.txt,False,Trimmed Sequence Data,Trimming Reports,True,https://osdr.nasa.gov/geode-py/ws/studies/OSD-218/download?source=datamanager&file=GLDS-218_rna_seq_SAMN06465190_R1_GLbulkRNAseq_trimming_report.txt
GeneLab Processed RNA-Seq Files,1787194638.994,1787194638.994,GLDS-218_rna_seq_SAMN06465187_R2_GLbulkRNAseq_trimming_report.txt,3503,genelab,/geode-py/ws/studies/OSD-218/download?source=datamanager&file=GLDS-218_rna_seq_SAMN06465187_R2_GLbulkRNAseq_trimming_report.txt,False,Trimmed Sequence Data,Trimming Reports,True,https://osdr.nasa.gov/geode-py/ws/studies/OSD-218/download?source=datamanager&file=GLDS-218_rna_seq_SAMN06465187_R2_GLbulkRNAseq_trimming_report.txt
GeneLab Processed RNA-Seq Files,1787194639.104,1787194639.104,GLDS-218_rna_seq_SAMN06465187_R1_GLbulkRNAseq_trimming_report.txt,3288,genelab,/geode-py/ws/studies/OSD-218/download?source=datamanager&file=GLDS-218_rna_seq_SAMN06465187_R1_GLbulkRNAseq_trimming_report.txt,False,Trimmed Sequence Data,Trimming Reports,True,https://osdr.nasa.gov/geode-py/ws/studies/OSD-218/download?source=datamanager&file=GLDS-218_rna_seq_SAMN06465187_R1_GLbulkRNAseq_trimming_report.txt
GeneLab Processed RNA-Seq Files,1787194639.213,1787194639.213,GLDS-218_rna_seq_SAMN06465183_R2_GLbulkRNAseq_trimming_report.txt,3456,genelab,/geode-py/ws/studies/OSD-218/download?source=datamanager&file=GLDS-218_rna_seq_SAMN06465183_R2_GLbulkRNAseq_trimming_report.txt,False,Trimmed Sequence Data,Trimming Reports,True,https://osdr.nasa.gov/geode-py/ws/studies/OSD-218/download?source=datamanager&file=GLDS-218_rna_seq_SAMN06465183_R2_GLbulkRNAseq_trimming_report.txt
GeneLab Processed RNA-Seq Files,1787194639.319,1787194639.319,GLDS-218_rna_seq_SAMN06465183_R1_GLbulkRNAseq_trimming_report.txt,3248,genelab,/geode-py/ws/studies/OSD-218/download?source=datamanager&file=GLDS-218_rna_seq_SAMN06465183_R1_GLbulkRNAseq_trimming_report.txt,False,Trimmed Sequence Data,Trimming Reports,True,https://osdr.nasa.gov/geode-py/ws/studies/OSD-218/download?source=datamanager&file=GLDS-218_rna_seq_SAMN06465183_R1_GLbulkRNAseq_trimming_report.txt
GeneLab Processed RNA-Seq Files,1787194639.426,1787194639.426,GLDS-218_rna_seq_SAMN06465181_R2_GLbulkRNAseq_trimming_report.txt,3484,genelab,/geode-py/ws/studies/OSD-218/download?source=datamanager&file=GLDS-218_rna_seq_SAMN06465181_R2_GLbulkRNAseq_trimming_report.txt,False,Trimmed Sequence Data,Trimming Reports,True,https://osdr.nasa.gov/geode-py/ws/studies/OSD-218/download?source=datamanager&file=GLDS-218_rna_seq_SAMN06465181_R2_GLbulkRNAseq_trimming_report.txt
GeneLab Processed RNA-Seq Files,1787194639.53,1787194639.53,GLDS-218_rna_seq_SAMN06465181_R1_GLbulkRNAseq_trimming_report.txt,3275,genelab,/geode-py/ws/studies/OSD-218/download?source=datamanager&file=GLDS-218_rna_seq_SAMN06465181_R1_GLbulkRNAseq_trimming_report.txt,False,Trimmed Sequence Data,Trimming Reports,True,https://osdr.nasa.gov/geode-py/ws/studies/OSD-218/download?source=datamanager&file=GLDS-218_rna_seq_SAMN06465181_R1_GLbulkRNAseq_trimming_report.txt
GeneLab Processed RNA-Seq Files,1787194639.643,1787194639.643,GLDS-218_rna_seq_SAMN06465179_R2_GLbulkRNAseq_trimming_report.txt,3485,genelab,/geode-py/ws/studies/OSD-218/download?source=datamanager&file=GLDS-218_rna_seq_SAMN06465179_R2_GLbulkRNAseq_trimming_report.txt,False,Trimmed Sequence Data,Trimming Reports,True,https://osdr.nasa.gov/geode-py/ws/studies/OSD-218/download?source=datamanager&file=GLDS-218_rna_seq_SAMN06465179_R2_GLbulkRNAseq_trimming_report.txt
GeneLab Processed RNA-Seq Files,1787194639.749,1787194639.749,GLDS-218_rna_seq_SAMN06465179_R1_GLbulkRNAseq_trimming_report.txt,3278,genelab,/geode-py/ws/studies/OSD-218/download?source=datamanager&file=GLDS-218_rna_seq_SAMN06465179_R1_GLbulkRNAseq_trimming_report.txt,False,Trimmed Sequence Data,Trimming Reports,True,https://osdr.nasa.gov/geode-py/ws/studies/OSD-218/download?source=datamanager&file=GLDS-218_rna_seq_SAMN06465179_R1_GLbulkRNAseq_trimming_report.txt
GeneLab Processed RNA-Seq Files,1787194639.857,1787194639.857,GLDS-218_rna_seq_SAMN06465177_R2_GLbulkRNAseq_trimming_report.txt,3504,genelab,/geode-py/ws/studies/OSD-218/download?source=datamanager&file=GLDS-218_rna_seq_SAMN06465177_R2_GLbulkRNAseq_trimming_report.txt,False,Trimmed Sequence Data,Trimming Reports,True,https://osdr.nasa.gov/geode-py/ws/studies/OSD-218/download?source=datamanager&file=GLDS-218_rna_seq_SAMN06465177_R2_GLbulkRNAseq_trimming_report.txt
GeneLab Processed RNA-Seq Files,1787194639.963,1787194639.963,GLDS-218_rna_seq_SAMN06465177_R1_GLbulkRNAseq_trimming_report.txt,3300,genelab,/geode-py/ws/studies/OSD-218/download?source=datamanager&file=GLDS-218_rna_seq_SAMN06465177_R1_GLbulkRNAseq_trimming_report.txt,False,Trimmed Sequence Data,Trimming Reports,True,https://osdr.nasa.gov/geode-py/ws/studies/OSD-218/download?source=datamanager&file=GLDS-218_rna_seq_SAMN06465177_R1_GLbulkRNAseq_trimming_report.txt
GeneLab Processed RNA-Seq Files,1787194640.07,1787194640.07,GLDS-218_rna_seq_SAMN06465174_R2_GLbulkRNAseq_trimming_report.txt,3490,genelab,/geode-py/ws/studies/OSD-218/download?source=datamanager&file=GLDS-218_rna_seq_SAMN06465174_R2_GLbulkRNAseq_trimming_report.txt,False,Trimmed Sequence Data,Trimming Reports,True,https://osdr.nasa.gov/geode-py/ws/studies/OSD-218/download?source=datamanager&file=GLDS-218_rna_seq_SAMN06465174_R2_GLbulkRNAseq_trimming_report.txt
GeneLab Processed RNA-Seq Files,1787194640.177,1787194640.177,GLDS-218_rna_seq_SAMN06465174_R1_GLbulkRNAseq_trimming_report.txt,3275,genelab,/geode-py/ws/studies/OSD-218/download?source=datamanager&file=GLDS-218_rna_seq_SAMN06465174_R1_GLbulkRNAseq_trimming_report.txt,False,Trimmed Sequence Data,Trimming Reports,True,https://osdr.nasa.gov/geode-py/ws/studies/OSD-218/download?source=datamanager&file=GLDS-218_rna_seq_SAMN06465174_R1_GLbulkRNAseq_trimming_report.txt
GeneLab Processed RNA-Seq Files,1787194640.283,1787194640.283,GLDS-218_rna_seq_SAMN06465172_R2_GLbulkRNAseq_trimming_report.txt,3474,genelab,/geode-py/ws/studies/OSD-218/download?source=datamanager&file=GLDS-218_rna_seq_SAMN06465172_R2_GLbulkRNAseq_trimming_report.txt,False,Trimmed Sequence Data,Trimming Reports,True,https://osdr.nasa.gov/geode-py/ws/studies/OSD-218/download?source=datamanager&file=GLDS-218_rna_seq_SAMN06465172_R2_GLbulkRNAseq_trimming_report.txt
GeneLab Processed RNA-Seq Files,1787194640.387,1787194640.387,GLDS-218_rna_seq_SAMN06465172_R1_GLbulkRNAseq_trimming_report.txt,3262,genelab,/geode-py/ws/studies/OSD-218/download?source=datamanager&file=GLDS-218_rna_seq_SAMN06465172_R1_GLbulkRNAseq_trimming_report.txt,False,Trimmed Sequence Data,Trimming Reports,True,https://osdr.nasa.gov/geode-py/ws/studies/OSD-218/download?source=datamanager&file=GLDS-218_rna_seq_SAMN06465172_R1_GLbulkRNAseq_trimming_report.txt
GeneLab Processed RNA-Seq Files,1787194640.493,1787194640.493,GLDS-218_rna_seq_SAMN06465170_R2_GLbulkRNAseq_trimming_report.txt,3466,genelab,/geode-py/ws/studies/OSD-218/download?source=datamanager&file=GLDS-218_rna_seq_SAMN06465170_R2_GLbulkRNAseq_trimming_report.txt,False,Trimmed Sequence Data,Trimming Reports,True,https://osdr.nasa.gov/geode-py/ws/studies/OSD-218/download?source=datamanager&file=GLDS-218_rna_seq_SAMN06465170_R2_GLbulkRNAseq_trimming_report.txt
GeneLab Processed RNA-Seq Files,1787194640.599,1787194640.599,GLDS-218_rna_seq_SAMN06465170_R1_GLbulkRNAseq_trimming_report.txt,3262,genelab,/geode-py/ws/studies/OSD-218/download?source=datamanager&file=GLDS-218_rna_seq_SAMN06465170_R1_GLbulkRNAseq_trimming_report.txt,False,Trimmed Sequence Data,Trimming Reports,True,https://osdr.nasa.gov/geode-py/ws/studies/OSD-218/download?source=datamanager&file=GLDS-218_rna_seq_SAMN06465170_R1_GLbulkRNAseq_trimming_report.txt
GeneLab Processed RNA-Seq Files,1787194640.71,1787194640.71,GLDS-218_rna_seq_SAMN06465168_R2_GLbulkRNAseq_trimming_report.txt,3462,genelab,/geode-py/ws/studies/OSD-218/download?source=datamanager&file=GLDS-218_rna_seq_SAMN06465168_R2_GLbulkRNAseq_trimming_report.txt,False,Trimmed Sequence Data,Trimming Reports,True,https://osdr.nasa.gov/geode-py/ws/studies/OSD-218/download?source=datamanager&file=GLDS-218_rna_seq_SAMN06465168_R2_GLbulkRNAseq_trimming_report.txt
GeneLab Processed RNA-Seq Files,1787194640.816,1787194640.816,GLDS-218_rna_seq_SAMN06465168_R1_GLbulkRNAseq_trimming_report.txt,3251,genelab,/geode-py/ws/studies/OSD-218/download?source=datamanager&file=GLDS-218_rna_seq_SAMN06465168_R1_GLbulkRNAseq_trimming_report.txt,False,Trimmed Sequence Data,Trimming Reports,True,https://osdr.nasa.gov/geode-py/ws/studies/OSD-218/download?source=datamanager&file=GLDS-218_rna_seq_SAMN06465168_R1_GLbulkRNAseq_trimming_report.txt
GeneLab Processed RNA-Seq Files,1787194640.922,1787194640.922,GLDS-218_rna_seq_SAMN06465165_R2_GLbulkRNAseq_trimming_report.txt,3488,genelab,/geode-py/ws/studies/OSD-218/download?source=datamanager&file=GLDS-218_rna_seq_SAMN06465165_R2_GLbulkRNAseq_trimming_report.txt,False,Trimmed Sequence Data,Trimming Reports,True,https://osdr.nasa.gov/geode-py/ws/studies/OSD-218/download?source=datamanager&file=GLDS-218_rna_seq_SAMN06465165_R2_GLbulkRNAseq_trimming_report.txt
GeneLab Processed RNA-Seq Files,1787194641.027,1787194641.027,GLDS-218_rna_seq_SAMN06465165_R1_GLbulkRNAseq_trimming_report.txt,3274,genelab,/geode-py/ws/studies/OSD-218/download?source=datamanager&file=GLDS-218_rna_seq_SAMN06465165_R1_GLbulkRNAseq_trimming_report.txt,False,Trimmed Sequence Data,Trimming Reports,True,https://osdr.nasa.gov/geode-py/ws/studies/OSD-218/download?source=datamanager&file=GLDS-218_rna_seq_SAMN06465165_R1_GLbulkRNAseq_trimming_report.txt
GeneLab Processed RNA-Seq Files,1787194641.132,1787194641.132,GLDS-218_rna_seq_SAMN06465163_R2_GLbulkRNAseq_trimming_report.txt,3467,genelab,/geode-py/ws/studies/OSD-218/download?source=datamanager&file=GLDS-218_rna_seq_SAMN06465163_R2_GLbulkRNAseq_trimming_report.txt,False,Trimmed Sequence Data,Trimming Reports,True,https://osdr.nasa.gov/geode-py/ws/studies/OSD-218/download?source=datamanager&file=GLDS-218_rna_seq_SAMN06465163_R2_GLbulkRNAseq_trimming_report.txt
GeneLab Processed RNA-Seq Files,1787194641.241,1787194641.241,GLDS-218_rna_seq_SAMN06465163_R1_GLbulkRNAseq_trimming_report.txt,3255,genelab,/geode-py/ws/studies/OSD-218/download?source=datamanager&file=GLDS-218_rna_seq_SAMN06465163_R1_GLbulkRNAseq_trimming_report.txt,False,Trimmed Sequence Data,Trimming Reports,True,https://osdr.nasa.gov/geode-py/ws/studies/OSD-218/download?source=datamanager&file=GLDS-218_rna_seq_SAMN06465163_R1_GLbulkRNAseq_trimming_report.txt
GeneLab Processed RNA-Seq Files,1787194641.347,1787194641.347,GLDS-218_rna_seq_SAMN06465160_R2_GLbulkRNAseq_trimming_report.txt,3472,genelab,/geode-py/ws/studies/OSD-218/download?source=datamanager&file=GLDS-218_rna_seq_SAMN06465160_R2_GLbulkRNAseq_trimming_report.txt,False,Trimmed Sequence Data,Trimming Reports,True,https://osdr.nasa.gov/geode-py/ws/studies/OSD-218/download?source=datamanager&file=GLDS-218_rna_seq_SAMN06465160_R2_GLbulkRNAseq_trimming_report.txt
GeneLab Processed RNA-Seq Files,1787194641.451,1787194641.451,GLDS-218_rna_seq_SAMN06465160_R1_GLbulkRNAseq_trimming_report.txt,3258,genelab,/geode-py/ws/studies/OSD-218/download?source=datamanager&file=GLDS-218_rna_seq_SAMN06465160_R1_GLbulkRNAseq_trimming_report.txt,False,Trimmed Sequence Data,Trimming Reports,True,https://osdr.nasa.gov/geode-py/ws/studies/OSD-218/download?source=datamanager&file=GLDS-218_rna_seq_SAMN06465160_R1_GLbulkRNAseq_trimming_report.txt
GeneLab Processed RNA-Seq Files,1787194641.557,1787194641.557,GLDS-218_rna_seq_SAMN06465157_R2_GLbulkRNAseq_trimming_report.txt,3460,genelab,/geode-py/ws/studies/OSD-218/download?source=datamanager&file=GLDS-218_rna_seq_SAMN06465157_R2_GLbulkRNAseq_trimming_report.txt,False,Trimmed Sequence Data,Trimming Reports,True,https://osdr.nasa.gov/geode-py/ws/studies/OSD-218/download?source=datamanager&file=GLDS-218_rna_seq_SAMN06465157_R2_GLbulkRNAseq_trimming_report.txt
GeneLab Processed RNA-Seq Files,1787194641.663,1787194641.663,GLDS-218_rna_seq_SAMN06465157_R1_GLbulkRNAseq_trimming_report.txt,3251,genelab,/geode-py/ws/studies/OSD-218/download?source=datamanager&file=GLDS-218_rna_seq_SAMN06465157_R1_GLbulkRNAseq_trimming_report.txt,False,Trimmed Sequence Data,Trimming Reports,True,https://osdr.nasa.gov/geode-py/ws/studies/OSD-218/download?source=datamanager&file=GLDS-218_rna_seq_SAMN06465157_R1_GLbulkRNAseq_trimming_report.txt
GeneLab Processed RNA-Seq Files,1787194641.778,1787194641.778,GLDS-218_rna_seq_SAMN06465155_R2_GLbulkRNAseq_trimming_report.txt,3464,genelab,/geode-py/ws/studies/OSD-218/download?source=datamanager&file=GLDS-218_rna_seq_SAMN06465155_R2_GLbulkRNAseq_trimming_report.txt,False,Trimmed Sequence Data,Trimming Reports,True,https://osdr.nasa.gov/geode-py/ws/studies/OSD-218/download?source=datamanager&file=GLDS-218_rna_seq_SAMN06465155_R2_GLbulkRNAseq_trimming_report.txt
GeneLab Processed RNA-Seq Files,1787194641.888,1787194641.888,GLDS-218_rna_seq_SAMN06465155_R1_GLbulkRNAseq_trimming_report.txt,3250,genelab,/geode-py/ws/studies/OSD-218/download?source=datamanager&file=GLDS-218_rna_seq_SAMN06465155_R1_GLbulkRNAseq_trimming_report.txt,False,Trimmed Sequence Data,Trimming Reports,True,https://osdr.nasa.gov/geode-py/ws/studies/OSD-218/download?source=datamanager&file=GLDS-218_rna_seq_SAMN06465155_R1_GLbulkRNAseq_trimming_report.txt
GeneLab Processed RNA-Seq Files,1787194641.994,1787194641.994,GLDS-218_rna_seq_SAMN06465152_R2_GLbulkRNAseq_trimming_report.txt,3492,genelab,/geode-py/ws/studies/OSD-218/download?source=datamanager&file=GLDS-218_rna_seq_SAMN06465152_R2_GLbulkRNAseq_trimming_report.txt,False,Trimmed Sequence Data,Trimming Reports,True,https://osdr.nasa.gov/geode-py/ws/studies/OSD-218/download?source=datamanager&file=GLDS-218_rna_seq_SAMN06465152_R2_GLbulkRNAseq_trimming_report.txt
GeneLab Processed RNA-Seq Files,1787194642.098,1787194642.098,GLDS-218_rna_seq_SAMN06465152_R1_GLbulkRNAseq_trimming_report.txt,3275,genelab,/geode-py/ws/studies/OSD-218/download?source=datamanager&file=GLDS-218_rna_seq_SAMN06465152_R1_GLbulkRNAseq_trimming_report.txt,False,Trimmed Sequence Data,Trimming Reports,True,https://osdr.nasa.gov/geode-py/ws/studies/OSD-218/download?source=datamanager&file=GLDS-218_rna_seq_SAMN06465152_R1_GLbulkRNAseq_trimming_report.txt
GeneLab Processed RNA-Seq Files,1787194642.203,1787194642.203,GLDS-218_rna_seq_SAMN06465150_R2_GLbulkRNAseq_trimming_report.txt,3490,genelab,/geode-py/ws/studies/OSD-218/download?source=datamanager&file=GLDS-218_rna_seq_SAMN06465150_R2_GLbulkRNAseq_trimming_report.txt,False,Trimmed Sequence Data,Trimming Reports,True,https://osdr.nasa.gov/geode-py/ws/studies/OSD-218/download?source=datamanager&file=GLDS-218_rna_seq_SAMN06465150_R2_GLbulkRNAseq_trimming_report.txt
GeneLab Processed RNA-Seq Files,1787194642.31,1787194642.31,GLDS-218_rna_seq_SAMN06465150_R1_GLbulkRNAseq_trimming_report.txt,3278,genelab,/geode-py/ws/studies/OSD-218/download?source=datamanager&file=GLDS-218_rna_seq_SAMN06465150_R1_GLbulkRNAseq_trimming_report.txt,False,Trimmed Sequence Data,Trimming Reports,True,https://osdr.nasa.gov/geode-py/ws/studies/OSD-218/download?source=datamanager&file=GLDS-218_rna_seq_SAMN06465150_R1_GLbulkRNAseq_trimming_report.txt
GeneLab Processed RNA-Seq Files,1787194642.418,1787194642.418,GLDS-218_rna_seq_SAMN06465148_R2_GLbulkRNAseq_trimming_report.txt,3500,genelab,/geode-py/ws/studies/OSD-218/download?source=datamanager&file=GLDS-218_rna_seq_SAMN06465148_R2_GLbulkRNAseq_trimming_report.txt,False,Trimmed Sequence Data,Trimming Reports,True,https://osdr.nasa.gov/geode-py/ws/studies/OSD-218/download?source=datamanager&file=GLDS-218_rna_seq_SAMN06465148_R2_GLbulkRNAseq_trimming_report.txt
GeneLab Processed RNA-Seq Files,1787194642.523,1787194642.523,GLDS-218_rna_seq_SAMN06465148_R1_GLbulkRNAseq_trimming_report.txt,3278,genelab,/geode-py/ws/studies/OSD-218/download?source=datamanager&file=GLDS-218_rna_seq_SAMN06465148_R1_GLbulkRNAseq_trimming_report.txt,False,Trimmed Sequence Data,Trimming Reports,True,https://osdr.nasa.gov/geode-py/ws/studies/OSD-218/download?source=datamanager&file=GLDS-218_rna_seq_SAMN06465148_R1_GLbulkRNAseq_trimming_report.txt
GeneLab Processed RNA-Seq Files,1787194642.631,1787194642.631,GLDS-218_rna_seq_SAMN06465146_R2_GLbulkRNAseq_trimming_report.txt,3508,genelab,/geode-py/ws/studies/OSD-218/download?source=datamanager&file=GLDS-218_rna_seq_SAMN06465146_R2_GLbulkRNAseq_trimming_report.txt,False,Trimmed Sequence Data,Trimming Reports,True,https://osdr.nasa.gov/geode-py/ws/studies/OSD-218/download?source=datamanager&file=GLDS-218_rna_seq_SAMN06465146_R2_GLbulkRNAseq_trimming_report.txt
GeneLab Processed RNA-Seq Files,1787194642.738,1787194642.738,GLDS-218_rna_seq_SAMN06465146_R1_GLbulkRNAseq_trimming_report.txt,3291,genelab,/geode-py/ws/studies/OSD-218/download?source=datamanager&file=GLDS-218_rna_seq_SAMN06465146_R1_GLbulkRNAseq_trimming_report.txt,False,Trimmed Sequence Data,Trimming Reports,True,https://osdr.nasa.gov/geode-py/ws/studies/OSD-218/download?source=datamanager&file=GLDS-218_rna_seq_SAMN06465146_R1_GLbulkRNAseq_trimming_report.txt
GeneLab Processed RNA-Seq Files,1787194642.846,1787194642.846,GLDS-218_rna_seq_SAMN06465144_R2_GLbulkRNAseq_trimming_report.txt,3472,genelab,/geode-py/ws/studies/OSD-218/download?source=datamanager&file=GLDS-218_rna_seq_SAMN06465144_R2_GLbulkRNAseq_trimming_report.txt,False,Trimmed Sequence Data,Trimming Reports,True,https://osdr.nasa.gov/geode-py/ws/studies/OSD-218/download?source=datamanager&file=GLDS-218_rna_seq_SAMN06465144_R2_GLbulkRNAseq_trimming_report.txt
GeneLab Processed RNA-Seq Files,1787194642.952,1787194642.952,GLDS-218_rna_seq_SAMN06465144_R1_GLbulkRNAseq_trimming_report.txt,3264,genelab,/geode-py/ws/studies/OSD-218/download?source=datamanager&file=GLDS-218_rna_seq_SAMN06465144_R1_GLbulkRNAseq_trimming_report.txt,False,Trimmed Sequence Data,Trimming Reports,True,https://osdr.nasa.gov/geode-py/ws/studies/OSD-218/download?source=datamanager&file=GLDS-218_rna_seq_SAMN06465144_R1_GLbulkRNAseq_trimming_report.txt
GeneLab Processed RNA-Seq Files,1787194643.056,1787194643.056,GLDS-218_rna_seq_SAMN06465142_R2_GLbulkRNAseq_trimming_report.txt,3495,genelab,/geode-py/ws/studies/OSD-218/download?source=datamanager&file=GLDS-218_rna_seq_SAMN06465142_R2_GLbulkRNAseq_trimming_report.txt,False,Trimmed Sequence Data,Trimming Reports,True,https://osdr.nasa.gov/geode-py/ws/studies/OSD-218/download?source=datamanager&file=GLDS-218_rna_seq_SAMN06465142_R2_GLbulkRNAseq_trimming_report.txt
GeneLab Processed RNA-Seq Files,1787194643.159,1787194643.159,GLDS-218_rna_seq_SAMN06465142_R1_GLbulkRNAseq_trimming_report.txt,3277,genelab,/geode-py/ws/studies/OSD-218/download?source=datamanager&file=GLDS-218_rna_seq_SAMN06465142_R1_GLbulkRNAseq_trimming_report.txt,False,Trimmed Sequence Data,Trimming Reports,True,https://osdr.nasa.gov/geode-py/ws/studies/OSD-218/download?source=datamanager&file=GLDS-218_rna_seq_SAMN06465142_R1_GLbulkRNAseq_trimming_report.txt
GeneLab Processed RNA-Seq Files,1787194643.27,1787194643.27,GLDS-218_rna_seq_trimmed_multiqc_GLbulkRNAseq_data.zip,786681,genelab,/geode-py/ws/studies/OSD-218/download?source=datamanager&file=GLDS-218_rna_seq_trimmed_multiqc_GLbulkRNAseq_data.zip,False,Trimmed Sequence Data,MultiQC Reports,True,https://osdr.nasa.gov/geode-py/ws/studies/OSD-218/download?source=datamanager&file=GLDS-218_rna_seq_trimmed_multiqc_GLbulkRNAseq_data.zip
GeneLab Processed RNA-Seq Files,1787194643.386,1787194643.386,GLDS-218_rna_seq_trimmed_multiqc_GLbulkRNAseq.html,5594135,genelab,/geode-py/ws/studies/OSD-218/download?source=datamanager&file=GLDS-218_rna_seq_trimmed_multiqc_GLbulkRNAseq.html,False,Trimmed Sequence Data,MultiQC Reports,True,https://osdr.nasa.gov/geode-py/ws/studies/OSD-218/download?source=datamanager&file=GLDS-218_rna_seq_trimmed_multiqc_GLbulkRNAseq.html
GeneLab Processed RNA-Seq Files,1787194643.495,1787194643.495,GLDS-218_rna_seq_SAMN06465276_GLbulkRNAseq_R2_trimmed.fastq.gz,913436886,genelab,/geode-py/ws/studies/OSD-218/download?source=datamanager&file=GLDS-218_rna_seq_SAMN06465276_GLbulkRNAseq_R2_trimmed.fastq.gz,False,Trimmed Sequence Data,,True,https://osdr.nasa.gov/geode-py/ws/studies/OSD-218/download?source=datamanager&file=GLDS-218_rna_seq_SAMN06465276_GLbulkRNAseq_R2_trimmed.fastq.gz
GeneLab Processed RNA-Seq Files,1787194643.616,1787194643.616,GLDS-218_rna_seq_SAMN06465276_GLbulkRNAseq_R1_trimmed.fastq.gz,896180620,genelab,/geode-py/ws/studies/OSD-218/download?source=datamanager&file=GLDS-218_rna_seq_SAMN06465276_GLbulkRNAseq_R1_trimmed.fastq.gz,False,Trimmed Sequence Data,,True,https://osdr.nasa.gov/geode-py/ws/studies/OSD-218/download?source=datamanager&file=GLDS-218_rna_seq_SAMN06465276_GLbulkRNAseq_R1_trimmed.fastq.gz
GeneLab Processed RNA-Seq Files,1787194643.735,1787194643.735,GLDS-218_rna_seq_SAMN06465275_GLbulkRNAseq_R2_trimmed.fastq.gz,1047987327,genelab,/geode-py/ws/studies/OSD-218/download?source=datamanager&file=GLDS-218_rna_seq_SAMN06465275_GLbulkRNAseq_R2_trimmed.fastq.gz,False,Trimmed Sequence Data,,True,https://osdr.nasa.gov/geode-py/ws/studies/OSD-218/download?source=datamanager&file=GLDS-218_rna_seq_SAMN06465275_GLbulkRNAseq_R2_trimmed.fastq.gz
GeneLab Processed RNA-Seq Files,1787194643.844,1787194643.844,GLDS-218_rna_seq_SAMN06465275_GLbulkRNAseq_R1_trimmed.fastq.gz,1026697874,genelab,/geode-py/ws/studies/OSD-218/download?source=datamanager&file=GLDS-218_rna_seq_SAMN06465275_GLbulkRNAseq_R1_trimmed.fastq.gz,False,Trimmed Sequence Data,,True,https://osdr.nasa.gov/geode-py/ws/studies/OSD-218/download?source=datamanager&file=GLDS-218_rna_seq_SAMN06465275_GLbulkRNAseq_R1_trimmed.fastq.gz
GeneLab Processed RNA-Seq Files,1787194643.95,1787194643.95,GLDS-218_rna_seq_SAMN06465273_GLbulkRNAseq_R2_trimmed.fastq.gz,962952403,genelab,/geode-py/ws/studies/OSD-218/download?source=datamanager&file=GLDS-218_rna_seq_SAMN06465273_GLbulkRNAseq_R2_trimmed.fastq.gz,False,Trimmed Sequence Data,,True,https://osdr.nasa.gov/geode-py/ws/studies/OSD-218/download?source=datamanager&file=GLDS-218_rna_seq_SAMN06465273_GLbulkRNAseq_R2_trimmed.fastq.gz
GeneLab Processed RNA-Seq Files,1787194644.055,1787194644.055,GLDS-218_rna_seq_SAMN06465273_GLbulkRNAseq_R1_trimmed.fastq.gz,948966452,genelab,/geode-py/ws/studies/OSD-218/download?source=datamanager&file=GLDS-218_rna_seq_SAMN06465273_GLbulkRNAseq_R1_trimmed.fastq.gz,False,Trimmed Sequence Data,,True,https://osdr.nasa.gov/geode-py/ws/studies/OSD-218/download?source=datamanager&file=GLDS-218_rna_seq_SAMN06465273_GLbulkRNAseq_R1_trimmed.fastq.gz
GeneLab Processed RNA-Seq Files,1787194644.158,1787194644.158,GLDS-218_rna_seq_SAMN06465272_GLbulkRNAseq_R2_trimmed.fastq.gz,1054010909,genelab,/geode-py/ws/studies/OSD-218/download?source=datamanager&file=GLDS-218_rna_seq_SAMN06465272_GLbulkRNAseq_R2_trimmed.fastq.gz,False,Trimmed Sequence Data,,True,https://osdr.nasa.gov/geode-py/ws/studies/OSD-218/download?source=datamanager&file=GLDS-218_rna_seq_SAMN06465272_GLbulkRNAseq_R2_trimmed.fastq.gz
GeneLab Processed RNA-Seq Files,1787194644.263,1787194644.263,GLDS-218_rna_seq_SAMN06465272_GLbulkRNAseq_R1_trimmed.fastq.gz,1034009847,genelab,/geode-py/ws/studies/OSD-218/download?source=datamanager&file=GLDS-218_rna_seq_SAMN06465272_GLbulkRNAseq_R1_trimmed.fastq.gz,False,Trimmed Sequence Data,,True,https://osdr.nasa.gov/geode-py/ws/studies/OSD-218/download?source=datamanager&file=GLDS-218_rna_seq_SAMN06465272_GLbulkRNAseq_R1_trimmed.fastq.gz
GeneLab Processed RNA-Seq Files,1787194644.367,1787194644.367,GLDS-218_rna_seq_SAMN06465270_GLbulkRNAseq_R2_trimmed.fastq.gz,1001391199,genelab,/geode-py/ws/studies/OSD-218/download?source=datamanager&file=GLDS-218_rna_seq_SAMN06465270_GLbulkRNAseq_R2_trimmed.fastq.gz,False,Trimmed Sequence Data,,True,https://osdr.nasa.gov/geode-py/ws/studies/OSD-218/download?source=datamanager&file=GLDS-218_rna_seq_SAMN06465270_GLbulkRNAseq_R2_trimmed.fastq.gz
GeneLab Processed RNA-Seq Files,1787194644.471,1787194644.471,GLDS-218_rna_seq_SAMN06465270_GLbulkRNAseq_R1_trimmed.fastq.gz,979013074,genelab,/geode-py/ws/studies/OSD-218/download?source=datamanager&file=GLDS-218_rna_seq_SAMN06465270_GLbulkRNAseq_R1_trimmed.fastq.gz,False,Trimmed Sequence Data,,True,https://osdr.nasa.gov/geode-py/ws/studies/OSD-218/download?source=datamanager&file=GLDS-218_rna_seq_SAMN06465270_GLbulkRNAseq_R1_trimmed.fastq.gz
GeneLab Processed RNA-Seq Files,1787194644.575,1787194644.575,GLDS-218_rna_seq_SAMN06465269_GLbulkRNAseq_R2_trimmed.fastq.gz,1019287964,genelab,/geode-py/ws/studies/OSD-218/download?source=datamanager&file=GLDS-218_rna_seq_SAMN06465269_GLbulkRNAseq_R2_trimmed.fastq.gz,False,Trimmed Sequence Data,,True,https://osdr.nasa.gov/geode-py/ws/studies/OSD-218/download?source=datamanager&file=GLDS-218_rna_seq_SAMN06465269_GLbulkRNAseq_R2_trimmed.fastq.gz
GeneLab Processed RNA-Seq Files,1787194644.679,1787194644.679,GLDS-218_rna_seq_SAMN06465269_GLbulkRNAseq_R1_trimmed.fastq.gz,997619204,genelab,/geode-py/ws/studies/OSD-218/download?source=datamanager&file=GLDS-218_rna_seq_SAMN06465269_GLbulkRNAseq_R1_trimmed.fastq.gz,False,Trimmed Sequence Data,,True,https://osdr.nasa.gov/geode-py/ws/studies/OSD-218/download?source=datamanager&file=GLDS-218_rna_seq_SAMN06465269_GLbulkRNAseq_R1_trimmed.fastq.gz
GeneLab Processed RNA-Seq Files,1787194644.785,1787194644.785,GLDS-218_rna_seq_SAMN06465268_GLbulkRNAseq_R2_trimmed.fastq.gz,995491105,genelab,/geode-py/ws/studies/OSD-218/download?source=datamanager&file=GLDS-218_rna_seq_SAMN06465268_GLbulkRNAseq_R2_trimmed.fastq.gz,False,Trimmed Sequence Data,,True,https://osdr.nasa.gov/geode-py/ws/studies/OSD-218/download?source=datamanager&file=GLDS-218_rna_seq_SAMN06465268_GLbulkRNAseq_R2_trimmed.fastq.gz
GeneLab Processed RNA-Seq Files,1787194644.892,1787194644.892,GLDS-218_rna_seq_SAMN06465268_GLbulkRNAseq_R1_trimmed.fastq.gz,980004570,genelab,/geode-py/ws/studies/OSD-218/download?source=datamanager&file=GLDS-218_rna_seq_SAMN06465268_GLbulkRNAseq_R1_trimmed.fastq.gz,False,Trimmed Sequence Data,,True,https://osdr.nasa.gov/geode-py/ws/studies/OSD-218/download?source=datamanager&file=GLDS-218_rna_seq_SAMN06465268_GLbulkRNAseq_R1_trimmed.fastq.gz
GeneLab Processed RNA-Seq Files,1787194644.998,1787194644.998,GLDS-218_rna_seq_SAMN06465267_GLbulkRNAseq_R2_trimmed.fastq.gz,1106274043,genelab,/geode-py/ws/studies/OSD-218/download?source=datamanager&file=GLDS-218_rna_seq_SAMN06465267_GLbulkRNAseq_R2_trimmed.fastq.gz,False,Trimmed Sequence Data,,True,https://osdr.nasa.gov/geode-py/ws/studies/OSD-218/download?source=datamanager&file=GLDS-218_rna_seq_SAMN06465267_GLbulkRNAseq_R2_trimmed.fastq.gz
GeneLab Processed RNA-Seq Files,1787194645.108,1787194645.108,GLDS-218_rna_seq_SAMN06465267_GLbulkRNAseq_R1_trimmed.fastq.gz,1081519045,genelab,/geode-py/ws/studies/OSD-218/download?source=datamanager&file=GLDS-218_rna_seq_SAMN06465267_GLbulkRNAseq_R1_trimmed.fastq.gz,False,Trimmed Sequence Data,,True,https://osdr.nasa.gov/geode-py/ws/studies/OSD-218/download?source=datamanager&file=GLDS-218_rna_seq_SAMN06465267_GLbulkRNAseq_R1_trimmed.fastq.gz
GeneLab Processed RNA-Seq Files,1787194645.216,1787194645.216,GLDS-218_rna_seq_SAMN06465201_GLbulkRNAseq_R2_trimmed.fastq.gz,1060759007,genelab,/geode-py/ws/studies/OSD-218/download?source=datamanager&file=GLDS-218_rna_seq_SAMN06465201_GLbulkRNAseq_R2_trimmed.fastq.gz,False,Trimmed Sequence Data,,True,https://osdr.nasa.gov/geode-py/ws/studies/OSD-218/download?source=datamanager&file=GLDS-218_rna_seq_SAMN06465201_GLbulkRNAseq_R2_trimmed.fastq.gz
GeneLab Processed RNA-Seq Files,1787194645.323,1787194645.323,GLDS-218_rna_seq_SAMN06465201_GLbulkRNAseq_R1_trimmed.fastq.gz,1037538627,genelab,/geode-py/ws/studies/OSD-218/download?source=datamanager&file=GLDS-218_rna_seq_SAMN06465201_GLbulkRNAseq_R1_trimmed.fastq.gz,False,Trimmed Sequence Data,,True,https://osdr.nasa.gov/geode-py/ws/studies/OSD-218/download?source=datamanager&file=GLDS-218_rna_seq_SAMN06465201_GLbulkRNAseq_R1_trimmed.fastq.gz
GeneLab Processed RNA-Seq Files,1787194645.422,1787194645.422,GLDS-218_rna_seq_SAMN06465197_GLbulkRNAseq_R2_trimmed.fastq.gz,1226587789,genelab,/geode-py/ws/studies/OSD-218/download?source=datamanager&file=GLDS-218_rna_seq_SAMN06465197_GLbulkRNAseq_R2_trimmed.fastq.gz,False,Trimmed Sequence Data,,True,https://osdr.nasa.gov/geode-py/ws/studies/OSD-218/download?source=datamanager&file=GLDS-218_rna_seq_SAMN06465197_GLbulkRNAseq_R2_trimmed.fastq.gz
GeneLab Processed RNA-Seq Files,1787194645.521,1787194645.521,GLDS-218_rna_seq_SAMN06465197_GLbulkRNAseq_R1_trimmed.fastq.gz,1186400955,genelab,/geode-py/ws/studies/OSD-218/download?source=datamanager&file=GLDS-218_rna_seq_SAMN06465197_GLbulkRNAseq_R1_trimmed.fastq.gz,False,Trimmed Sequence Data,,True,https://osdr.nasa.gov/geode-py/ws/studies/OSD-218/download?source=datamanager&file=GLDS-218_rna_seq_SAMN06465197_GLbulkRNAseq_R1_trimmed.fastq.gz
GeneLab Processed RNA-Seq Files,1787194645.62,1787194645.62,GLDS-218_rna_seq_SAMN06465194_GLbulkRNAseq_R2_trimmed.fastq.gz,1096689315,genelab,/geode-py/ws/studies/OSD-218/download?source=datamanager&file=GLDS-218_rna_seq_SAMN06465194_GLbulkRNAseq_R2_trimmed.fastq.gz,False,Trimmed Sequence Data,,True,https://osdr.nasa.gov/geode-py/ws/studies/OSD-218/download?source=datamanager&file=GLDS-218_rna_seq_SAMN06465194_GLbulkRNAseq_R2_trimmed.fastq.gz
GeneLab Processed RNA-Seq Files,1787194645.722,1787194645.722,GLDS-218_rna_seq_SAMN06465194_GLbulkRNAseq_R1_trimmed.fastq.gz,1062479691,genelab,/geode-py/ws/studies/OSD-218/download?source=datamanager&file=GLDS-218_rna_seq_SAMN06465194_GLbulkRNAseq_R1_trimmed.fastq.gz,False,Trimmed Sequence Data,,True,https://osdr.nasa.gov/geode-py/ws/studies/OSD-218/download?source=datamanager&file=GLDS-218_rna_seq_SAMN06465194_GLbulkRNAseq_R1_trimmed.fastq.gz
GeneLab Processed RNA-Seq Files,1787194645.823,1787194645.823,GLDS-218_rna_seq_SAMN06465190_GLbulkRNAseq_R2_trimmed.fastq.gz,929767735,genelab,/geode-py/ws/studies/OSD-218/download?source=datamanager&file=GLDS-218_rna_seq_SAMN06465190_GLbulkRNAseq_R2_trimmed.fastq.gz,False,Trimmed Sequence Data,,True,https://osdr.nasa.gov/geode-py/ws/studies/OSD-218/download?source=datamanager&file=GLDS-218_rna_seq_SAMN06465190_GLbulkRNAseq_R2_trimmed.fastq.gz
GeneLab Processed RNA-Seq Files,1787194645.925,1787194645.925,GLDS-218_rna_seq_SAMN06465190_GLbulkRNAseq_R1_trimmed.fastq.gz,911075420,genelab,/geode-py/ws/studies/OSD-218/download?source=datamanager&file=GLDS-218_rna_seq_SAMN06465190_GLbulkRNAseq_R1_trimmed.fastq.gz,False,Trimmed Sequence Data,,True,https://osdr.nasa.gov/geode-py/ws/studies/OSD-218/download?source=datamanager&file=GLDS-218_rna_seq_SAMN06465190_GLbulkRNAseq_R1_trimmed.fastq.gz
GeneLab Processed RNA-Seq Files,1787194646.024,1787194646.024,GLDS-218_rna_seq_SAMN06465187_GLbulkRNAseq_R2_trimmed.fastq.gz,1229034334,genelab,/geode-py/ws/studies/OSD-218/download?source=datamanager&file=GLDS-218_rna_seq_SAMN06465187_GLbulkRNAseq_R2_trimmed.fastq.gz,False,Trimmed Sequence Data,,True,https://osdr.nasa.gov/geode-py/ws/studies/OSD-218/download?source=datamanager&file=GLDS-218_rna_seq_SAMN06465187_GLbulkRNAseq_R2_trimmed.fastq.gz
GeneLab Processed RNA-Seq Files,1787194646.123,1787194646.123,GLDS-218_rna_seq_SAMN06465187_GLbulkRNAseq_R1_trimmed.fastq.gz,1197570518,genelab,/geode-py/ws/studies/OSD-218/download?source=datamanager&file=GLDS-218_rna_seq_SAMN06465187_GLbulkRNAseq_R1_trimmed.fastq.gz,False,Trimmed Sequence Data,,True,https://osdr.nasa.gov/geode-py/ws/studies/OSD-218/download?source=datamanager&file=GLDS-218_rna_seq_SAMN06465187_GLbulkRNAseq_R1_trimmed.fastq.gz
GeneLab Processed RNA-Seq Files,1787194646.224,1787194646.224,GLDS-218_rna_seq_SAMN06465183_GLbulkRNAseq_R2_trimmed.fastq.gz,940284145,genelab,/geode-py/ws/studies/OSD-218/download?source=datamanager&file=GLDS-218_rna_seq_SAMN06465183_GLbulkRNAseq_R2_trimmed.fastq.gz,False,Trimmed Sequence Data,,True,https://osdr.nasa.gov/geode-py/ws/studies/OSD-218/download?source=datamanager&file=GLDS-218_rna_seq_SAMN06465183_GLbulkRNAseq_R2_trimmed.fastq.gz
GeneLab Processed RNA-Seq Files,1787194646.324,1787194646.325,GLDS-218_rna_seq_SAMN06465183_GLbulkRNAseq_R1_trimmed.fastq.gz,918575105,genelab,/geode-py/ws/studies/OSD-218/download?source=datamanager&file=GLDS-218_rna_seq_SAMN06465183_GLbulkRNAseq_R1_trimmed.fastq.gz,False,Trimmed Sequence Data,,True,https://osdr.nasa.gov/geode-py/ws/studies/OSD-218/download?source=datamanager&file=GLDS-218_rna_seq_SAMN06465183_GLbulkRNAseq_R1_trimmed.fastq.gz
GeneLab Processed RNA-Seq Files,1787194646.425,1787194646.425,GLDS-218_rna_seq_SAMN06465181_GLbulkRNAseq_R2_trimmed.fastq.gz,881747856,genelab,/geode-py/ws/studies/OSD-218/download?source=datamanager&file=GLDS-218_rna_seq_SAMN06465181_GLbulkRNAseq_R2_trimmed.fastq.gz,False,Trimmed Sequence Data,,True,https://osdr.nasa.gov/geode-py/ws/studies/OSD-218/download?source=datamanager&file=GLDS-218_rna_seq_SAMN06465181_GLbulkRNAseq_R2_trimmed.fastq.gz
GeneLab Processed RNA-Seq Files,1787194646.525,1787194646.525,GLDS-218_rna_seq_SAMN06465181_GLbulkRNAseq_R1_trimmed.fastq.gz,859197353,genelab,/geode-py/ws/studies/OSD-218/download?source=datamanager&file=GLDS-218_rna_seq_SAMN06465181_GLbulkRNAseq_R1_trimmed.fastq.gz,False,Trimmed Sequence Data,,True,https://osdr.nasa.gov/geode-py/ws/studies/OSD-218/download?source=datamanager&file=GLDS-218_rna_seq_SAMN06465181_GLbulkRNAseq_R1_trimmed.fastq.gz
GeneLab Processed RNA-Seq Files,1787194646.624,1787194646.624,GLDS-218_rna_seq_SAMN06465179_GLbulkRNAseq_R2_trimmed.fastq.gz,1117335866,genelab,/geode-py/ws/studies/OSD-218/download?source=datamanager&file=GLDS-218_rna_seq_SAMN06465179_GLbulkRNAseq_R2_trimmed.fastq.gz,False,Trimmed Sequence Data,,True,https://osdr.nasa.gov/geode-py/ws/studies/OSD-218/download?source=datamanager&file=GLDS-218_rna_seq_SAMN06465179_GLbulkRNAseq_R2_trimmed.fastq.gz
GeneLab Processed RNA-Seq Files,1787194646.724,1787194646.724,GLDS-218_rna_seq_SAMN06465179_GLbulkRNAseq_R1_trimmed.fastq.gz,1084481472,genelab,/geode-py/ws/studies/OSD-218/download?source=datamanager&file=GLDS-218_rna_seq_SAMN06465179_GLbulkRNAseq_R1_trimmed.fastq.gz,False,Trimmed Sequence Data,,True,https://osdr.nasa.gov/geode-py/ws/studies/OSD-218/download?source=datamanager&file=GLDS-218_rna_seq_SAMN06465179_GLbulkRNAseq_R1_trimmed.fastq.gz
GeneLab Processed RNA-Seq Files,1787194646.825,1787194646.825,GLDS-218_rna_seq_SAMN06465177_GLbulkRNAseq_R2_trimmed.fastq.gz,881492760,genelab,/geode-py/ws/studies/OSD-218/download?source=datamanager&file=GLDS-218_rna_seq_SAMN06465177_GLbulkRNAseq_R2_trimmed.fastq.gz,False,Trimmed Sequence Data,,True,https://osdr.nasa.gov/geode-py/ws/studies/OSD-218/download?source=datamanager&file=GLDS-218_rna_seq_SAMN06465177_GLbulkRNAseq_R2_trimmed.fastq.gz
GeneLab Processed RNA-Seq Files,1787194646.927,1787194646.927,GLDS-218_rna_seq_SAMN06465177_GLbulkRNAseq_R1_trimmed.fastq.gz,858916997,genelab,/geode-py/ws/studies/OSD-218/download?source=datamanager&file=GLDS-218_rna_seq_SAMN06465177_GLbulkRNAseq_R1_trimmed.fastq.gz,False,Trimmed Sequence Data,,True,https://osdr.nasa.gov/geode-py/ws/studies/OSD-218/download?source=datamanager&file=GLDS-218_rna_seq_SAMN06465177_GLbulkRNAseq_R1_trimmed.fastq.gz
GeneLab Processed RNA-Seq Files,1787194647.028,1787194647.028,GLDS-218_rna_seq_SAMN06465174_GLbulkRNAseq_R2_trimmed.fastq.gz,767912994,genelab,/geode-py/ws/studies/OSD-218/download?source=datamanager&file=GLDS-218_rna_seq_SAMN06465174_GLbulkRNAseq_R2_trimmed.fastq.gz,False,Trimmed Sequence Data,,True,https://osdr.nasa.gov/geode-py/ws/studies/OSD-218/download?source=datamanager&file=GLDS-218_rna_seq_SAMN06465174_GLbulkRNAseq_R2_trimmed.fastq.gz
GeneLab Processed RNA-Seq Files,1787194647.127,1787194647.127,GLDS-218_rna_seq_SAMN06465174_GLbulkRNAseq_R1_trimmed.fastq.gz,748736426,genelab,/geode-py/ws/studies/OSD-218/download?source=datamanager&file=GLDS-218_rna_seq_SAMN06465174_GLbulkRNAseq_R1_trimmed.fastq.gz,False,Trimmed Sequence Data,,True,https://osdr.nasa.gov/geode-py/ws/studies/OSD-218/download?source=datamanager&file=GLDS-218_rna_seq_SAMN06465174_GLbulkRNAseq_R1_trimmed.fastq.gz
GeneLab Processed RNA-Seq Files,1787194647.226,1787194647.226,GLDS-218_rna_seq_SAMN06465172_GLbulkRNAseq_R2_trimmed.fastq.gz,955407619,genelab,/geode-py/ws/studies/OSD-218/download?source=datamanager&file=GLDS-218_rna_seq_SAMN06465172_GLbulkRNAseq_R2_trimmed.fastq.gz,False,Trimmed Sequence Data,,True,https://osdr.nasa.gov/geode-py/ws/studies/OSD-218/download?source=datamanager&file=GLDS-218_rna_seq_SAMN06465172_GLbulkRNAseq_R2_trimmed.fastq.gz
GeneLab Processed RNA-Seq Files,1787194647.324,1787194647.324,GLDS-218_rna_seq_SAMN06465172_GLbulkRNAseq_R1_trimmed.fastq.gz,933442911,genelab,/geode-py/ws/studies/OSD-218/download?source=datamanager&file=GLDS-218_rna_seq_SAMN06465172_GLbulkRNAseq_R1_trimmed.fastq.gz,False,Trimmed Sequence Data,,True,https://osdr.nasa.gov/geode-py/ws/studies/OSD-218/download?source=datamanager&file=GLDS-218_rna_seq_SAMN06465172_GLbulkRNAseq_R1_trimmed.fastq.gz
GeneLab Processed RNA-Seq Files,1787194647.422,1787194647.422,GLDS-218_rna_seq_SAMN06465170_GLbulkRNAseq_R2_trimmed.fastq.gz,1007924237,genelab,/geode-py/ws/studies/OSD-218/download?source=datamanager&file=GLDS-218_rna_seq_SAMN06465170_GLbulkRNAseq_R2_trimmed.fastq.gz,False,Trimmed Sequence Data,,True,https://osdr.nasa.gov/geode-py/ws/studies/OSD-218/download?source=datamanager&file=GLDS-218_rna_seq_SAMN06465170_GLbulkRNAseq_R2_trimmed.fastq.gz
GeneLab Processed RNA-Seq Files,1787194647.52,1787194647.52,GLDS-218_rna_seq_SAMN06465170_GLbulkRNAseq_R1_trimmed.fastq.gz,988602592,genelab,/geode-py/ws/studies/OSD-218/download?source=datamanager&file=GLDS-218_rna_seq_SAMN06465170_GLbulkRNAseq_R1_trimmed.fastq.gz,False,Trimmed Sequence Data,,True,https://osdr.nasa.gov/geode-py/ws/studies/OSD-218/download?source=datamanager&file=GLDS-218_rna_seq_SAMN06465170_GLbulkRNAseq_R1_trimmed.fastq.gz
GeneLab Processed RNA-Seq Files,1787194647.618,1787194647.618,GLDS-218_rna_seq_SAMN06465168_GLbulkRNAseq_R2_trimmed.fastq.gz,832617929,genelab,/geode-py/ws/studies/OSD-218/download?source=datamanager&file=GLDS-218_rna_seq_SAMN06465168_GLbulkRNAseq_R2_trimmed.fastq.gz,False,Trimmed Sequence Data,,True,https://osdr.nasa.gov/geode-py/ws/studies/OSD-218/download?source=datamanager&file=GLDS-218_rna_seq_SAMN06465168_GLbulkRNAseq_R2_trimmed.fastq.gz
GeneLab Processed RNA-Seq Files,1787194647.716,1787194647.716,GLDS-218_rna_seq_SAMN06465168_GLbulkRNAseq_R1_trimmed.fastq.gz,817933807,genelab,/geode-py/ws/studies/OSD-218/download?source=datamanager&file=GLDS-218_rna_seq_SAMN06465168_GLbulkRNAseq_R1_trimmed.fastq.gz,False,Trimmed Sequence Data,,True,https://osdr.nasa.gov/geode-py/ws/studies/OSD-218/download?source=datamanager&file=GLDS-218_rna_seq_SAMN06465168_GLbulkRNAseq_R1_trimmed.fastq.gz
GeneLab Processed RNA-Seq Files,1787194647.817,1787194647.817,GLDS-218_rna_seq_SAMN06465165_GLbulkRNAseq_R2_trimmed.fastq.gz,962947690,genelab,/geode-py/ws/studies/OSD-218/download?source=datamanager&file=GLDS-218_rna_seq_SAMN06465165_GLbulkRNAseq_R2_trimmed.fastq.gz,False,Trimmed Sequence Data,,True,https://osdr.nasa.gov/geode-py/ws/studies/OSD-218/download?source=datamanager&file=GLDS-218_rna_seq_SAMN06465165_GLbulkRNAseq_R2_trimmed.fastq.gz
GeneLab Processed RNA-Seq Files,1787194647.917,1787194647.917,GLDS-218_rna_seq_SAMN06465165_GLbulkRNAseq_R1_trimmed.fastq.gz,935800848,genelab,/geode-py/ws/studies/OSD-218/download?source=datamanager&file=GLDS-218_rna_seq_SAMN06465165_GLbulkRNAseq_R1_trimmed.fastq.gz,False,Trimmed Sequence Data,,True,https://osdr.nasa.gov/geode-py/ws/studies/OSD-218/download?source=datamanager&file=GLDS-218_rna_seq_SAMN06465165_GLbulkRNAseq_R1_trimmed.fastq.gz
GeneLab Processed RNA-Seq Files,1787194648.017,1787194648.017,GLDS-218_rna_seq_SAMN06465163_GLbulkRNAseq_R2_trimmed.fastq.gz,993766944,genelab,/geode-py/ws/studies/OSD-218/download?source=datamanager&file=GLDS-218_rna_seq_SAMN06465163_GLbulkRNAseq_R2_trimmed.fastq.gz,False,Trimmed Sequence Data,,True,https://osdr.nasa.gov/geode-py/ws/studies/OSD-218/download?source=datamanager&file=GLDS-218_rna_seq_SAMN06465163_GLbulkRNAseq_R2_trimmed.fastq.gz
GeneLab Processed RNA-Seq Files,1787194648.115,1787194648.115,GLDS-218_rna_seq_SAMN06465163_GLbulkRNAseq_R1_trimmed.fastq.gz,966485247,genelab,/geode-py/ws/studies/OSD-218/download?source=datamanager&file=GLDS-218_rna_seq_SAMN06465163_GLbulkRNAseq_R1_trimmed.fastq.gz,False,Trimmed Sequence Data,,True,https://osdr.nasa.gov/geode-py/ws/studies/OSD-218/download?source=datamanager&file=GLDS-218_rna_seq_SAMN06465163_GLbulkRNAseq_R1_trimmed.fastq.gz
GeneLab Processed RNA-Seq Files,1787194648.217,1787194648.217,GLDS-218_rna_seq_SAMN06465160_GLbulkRNAseq_R2_trimmed.fastq.gz,906447620,genelab,/geode-py/ws/studies/OSD-218/download?source=datamanager&file=GLDS-218_rna_seq_SAMN06465160_GLbulkRNAseq_R2_trimmed.fastq.gz,False,Trimmed Sequence Data,,True,https://osdr.nasa.gov/geode-py/ws/studies/OSD-218/download?source=datamanager&file=GLDS-218_rna_seq_SAMN06465160_GLbulkRNAseq_R2_trimmed.fastq.gz
GeneLab Processed RNA-Seq Files,1787194648.316,1787194648.316,GLDS-218_rna_seq_SAMN06465160_GLbulkRNAseq_R1_trimmed.fastq.gz,881768080,genelab,/geode-py/ws/studies/OSD-218/download?source=datamanager&file=GLDS-218_rna_seq_SAMN06465160_GLbulkRNAseq_R1_trimmed.fastq.gz,False,Trimmed Sequence Data,,True,https://osdr.nasa.gov/geode-py/ws/studies/OSD-218/download?source=datamanager&file=GLDS-218_rna_seq_SAMN06465160_GLbulkRNAseq_R1_trimmed.fastq.gz
GeneLab Processed RNA-Seq Files,1787194648.416,1787194648.416,GLDS-218_rna_seq_SAMN06465157_GLbulkRNAseq_R2_trimmed.fastq.gz,983208724,genelab,/geode-py/ws/studies/OSD-218/download?source=datamanager&file=GLDS-218_rna_seq_SAMN06465157_GLbulkRNAseq_R2_trimmed.fastq.gz,False,Trimmed Sequence Data,,True,https://osdr.nasa.gov/geode-py/ws/studies/OSD-218/download?source=datamanager&file=GLDS-218_rna_seq_SAMN06465157_GLbulkRNAseq_R2_trimmed.fastq.gz
GeneLab Processed RNA-Seq Files,1787194648.515,1787194648.515,GLDS-218_rna_seq_SAMN06465157_GLbulkRNAseq_R1_trimmed.fastq.gz,964586083,genelab,/geode-py/ws/studies/OSD-218/download?source=datamanager&file=GLDS-218_rna_seq_SAMN06465157_GLbulkRNAseq_R1_trimmed.fastq.gz,False,Trimmed Sequence Data,,True,https://osdr.nasa.gov/geode-py/ws/studies/OSD-218/download?source=datamanager&file=GLDS-218_rna_seq_SAMN06465157_GLbulkRNAseq_R1_trimmed.fastq.gz
GeneLab Processed RNA-Seq Files,1787194648.615,1787194648.615,GLDS-218_rna_seq_SAMN06465155_GLbulkRNAseq_R2_trimmed.fastq.gz,1004788638,genelab,/geode-py/ws/studies/OSD-218/download?source=datamanager&file=GLDS-218_rna_seq_SAMN06465155_GLbulkRNAseq_R2_trimmed.fastq.gz,False,Trimmed Sequence Data,,True,https://osdr.nasa.gov/geode-py/ws/studies/OSD-218/download?source=datamanager&file=GLDS-218_rna_seq_SAMN06465155_GLbulkRNAseq_R2_trimmed.fastq.gz
GeneLab Processed RNA-Seq Files,1787194648.715,1787194648.715,GLDS-218_rna_seq_SAMN06465155_GLbulkRNAseq_R1_trimmed.fastq.gz,978641330,genelab,/geode-py/ws/studies/OSD-218/download?source=datamanager&file=GLDS-218_rna_seq_SAMN06465155_GLbulkRNAseq_R1_trimmed.fastq.gz,False,Trimmed Sequence Data,,True,https://osdr.nasa.gov/geode-py/ws/studies/OSD-218/download?source=datamanager&file=GLDS-218_rna_seq_SAMN06465155_GLbulkRNAseq_R1_trimmed.fastq.gz
GeneLab Processed RNA-Seq Files,1787194648.814,1787194648.814,GLDS-218_rna_seq_SAMN06465152_GLbulkRNAseq_R2_trimmed.fastq.gz,1419363709,genelab,/geode-py/ws/studies/OSD-218/download?source=datamanager&file=GLDS-218_rna_seq_SAMN06465152_GLbulkRNAseq_R2_trimmed.fastq.gz,False,Trimmed Sequence Data,,True,https://osdr.nasa.gov/geode-py/ws/studies/OSD-218/download?source=datamanager&file=GLDS-218_rna_seq_SAMN06465152_GLbulkRNAseq_R2_trimmed.fastq.gz
GeneLab Processed RNA-Seq Files,1787194648.919,1787194648.919,GLDS-218_rna_seq_SAMN06465152_GLbulkRNAseq_R1_trimmed.fastq.gz,1386166546,genelab,/geode-py/ws/studies/OSD-218/download?source=datamanager&file=GLDS-218_rna_seq_SAMN06465152_GLbulkRNAseq_R1_trimmed.fastq.gz,False,Trimmed Sequence Data,,True,https://osdr.nasa.gov/geode-py/ws/studies/OSD-218/download?source=datamanager&file=GLDS-218_rna_seq_SAMN06465152_GLbulkRNAseq_R1_trimmed.fastq.gz
GeneLab Processed RNA-Seq Files,1787194649.02,1787194649.02,GLDS-218_rna_seq_SAMN06465150_GLbulkRNAseq_R2_trimmed.fastq.gz,1078458454,genelab,/geode-py/ws/studies/OSD-218/download?source=datamanager&file=GLDS-218_rna_seq_SAMN06465150_GLbulkRNAseq_R2_trimmed.fastq.gz,False,Trimmed Sequence Data,,True,https://osdr.nasa.gov/geode-py/ws/studies/OSD-218/download?source=datamanager&file=GLDS-218_rna_seq_SAMN06465150_GLbulkRNAseq_R2_trimmed.fastq.gz
GeneLab Processed RNA-Seq Files,1787194649.12,1787194649.12,GLDS-218_rna_seq_SAMN06465150_GLbulkRNAseq_R1_trimmed.fastq.gz,1051095139,genelab,/geode-py/ws/studies/OSD-218/download?source=datamanager&file=GLDS-218_rna_seq_SAMN06465150_GLbulkRNAseq_R1_trimmed.fastq.gz,False,Trimmed Sequence Data,,True,https://osdr.nasa.gov/geode-py/ws/studies/OSD-218/download?source=datamanager&file=GLDS-218_rna_seq_SAMN06465150_GLbulkRNAseq_R1_trimmed.fastq.gz
GeneLab Processed RNA-Seq Files,1787194649.22,1787194649.22,GLDS-218_rna_seq_SAMN06465148_GLbulkRNAseq_R2_trimmed.fastq.gz,1220141012,genelab,/geode-py/ws/studies/OSD-218/download?source=datamanager&file=GLDS-218_rna_seq_SAMN06465148_GLbulkRNAseq_R2_trimmed.fastq.gz,False,Trimmed Sequence Data,,True,https://osdr.nasa.gov/geode-py/ws/studies/OSD-218/download?source=datamanager&file=GLDS-218_rna_seq_SAMN06465148_GLbulkRNAseq_R2_trimmed.fastq.gz
GeneLab Processed RNA-Seq Files,1787194649.322,1787194649.322,GLDS-218_rna_seq_SAMN06465148_GLbulkRNAseq_R1_trimmed.fastq.gz,1195693885,genelab,/geode-py/ws/studies/OSD-218/download?source=datamanager&file=GLDS-218_rna_seq_SAMN06465148_GLbulkRNAseq_R1_trimmed.fastq.gz,False,Trimmed Sequence Data,,True,https://osdr.nasa.gov/geode-py/ws/studies/OSD-218/download?source=datamanager&file=GLDS-218_rna_seq_SAMN06465148_GLbulkRNAseq_R1_trimmed.fastq.gz
GeneLab Processed RNA-Seq Files,1787194649.422,1787194649.422,GLDS-218_rna_seq_SAMN06465146_GLbulkRNAseq_R2_trimmed.fastq.gz,1176455331,genelab,/geode-py/ws/studies/OSD-218/download?source=datamanager&file=GLDS-218_rna_seq_SAMN06465146_GLbulkRNAseq_R2_trimmed.fastq.gz,False,Trimmed Sequence Data,,True,https://osdr.nasa.gov/geode-py/ws/studies/OSD-218/download?source=datamanager&file=GLDS-218_rna_seq_SAMN06465146_GLbulkRNAseq_R2_trimmed.fastq.gz
GeneLab Processed RNA-Seq Files,1787194649.522,1787194649.522,GLDS-218_rna_seq_SAMN06465146_GLbulkRNAseq_R1_trimmed.fastq.gz,1145239478,genelab,/geode-py/ws/studies/OSD-218/download?source=datamanager&file=GLDS-218_rna_seq_SAMN06465146_GLbulkRNAseq_R1_trimmed.fastq.gz,False,Trimmed Sequence Data,,True,https://osdr.nasa.gov/geode-py/ws/studies/OSD-218/download?source=datamanager&file=GLDS-218_rna_seq_SAMN06465146_GLbulkRNAseq_R1_trimmed.fastq.gz
GeneLab Processed RNA-Seq Files,1787194649.622,1787194649.622,GLDS-218_rna_seq_SAMN06465144_GLbulkRNAseq_R2_trimmed.fastq.gz,1053234440,genelab,/geode-py/ws/studies/OSD-218/download?source=datamanager&file=GLDS-218_rna_seq_SAMN06465144_GLbulkRNAseq_R2_trimmed.fastq.gz,False,Trimmed Sequence Data,,True,https://osdr.nasa.gov/geode-py/ws/studies/OSD-218/download?source=datamanager&file=GLDS-218_rna_seq_SAMN06465144_GLbulkRNAseq_R2_trimmed.fastq.gz
GeneLab Processed RNA-Seq Files,1787194649.721,1787194649.721,GLDS-218_rna_seq_SAMN06465144_GLbulkRNAseq_R1_trimmed.fastq.gz,1030767705,genelab,/geode-py/ws/studies/OSD-218/download?source=datamanager&file=GLDS-218_rna_seq_SAMN06465144_GLbulkRNAseq_R1_trimmed.fastq.gz,False,Trimmed Sequence Data,,True,https://osdr.nasa.gov/geode-py/ws/studies/OSD-218/download?source=datamanager&file=GLDS-218_rna_seq_SAMN06465144_GLbulkRNAseq_R1_trimmed.fastq.gz
GeneLab Processed RNA-Seq Files,1787194649.821,1787194649.821,GLDS-218_rna_seq_SAMN06465142_GLbulkRNAseq_R2_trimmed.fastq.gz,1046402680,genelab,/geode-py/ws/studies/OSD-218/download?source=datamanager&file=GLDS-218_rna_seq_SAMN06465142_GLbulkRNAseq_R2_trimmed.fastq.gz,False,Trimmed Sequence Data,,True,https://osdr.nasa.gov/geode-py/ws/studies/OSD-218/download?source=datamanager&file=GLDS-218_rna_seq_SAMN06465142_GLbulkRNAseq_R2_trimmed.fastq.gz
GeneLab Processed RNA-Seq Files,1787194649.922,1787194649.922,GLDS-218_rna_seq_SAMN06465142_GLbulkRNAseq_R1_trimmed.fastq.gz,1023817231,genelab,/geode-py/ws/studies/OSD-218/download?source=datamanager&file=GLDS-218_rna_seq_SAMN06465142_GLbulkRNAseq_R1_trimmed.fastq.gz,False,Trimmed Sequence Data,,True,https://osdr.nasa.gov/geode-py/ws/studies/OSD-218/download?source=datamanager&file=GLDS-218_rna_seq_SAMN06465142_GLbulkRNAseq_R1_trimmed.fastq.gz
GeneLab Processed RNA-Seq Files,1787194650.034,1787194650.034,GLDS-218_rna_seq_STAR_Unnormalized_Counts_GLbulkRNAseq.csv,3643344,genelab,/geode-py/ws/studies/OSD-218/download?source=datamanager&file=GLDS-218_rna_seq_STAR_Unnormalized_Counts_GLbulkRNAseq.csv,False,Raw Counts Tables,,True,https://osdr.nasa.gov/geode-py/ws/studies/OSD-218/download?source=datamanager&file=GLDS-218_rna_seq_STAR_Unnormalized_Counts_GLbulkRNAseq.csv
GeneLab Processed RNA-Seq Files,1787194650.132,1787194650.132,GLDS-218_rna_seq_RSEM_Unnormalized_Counts_rRNArm_GLbulkRNAseq.csv,3979224,genelab,/geode-py/ws/studies/OSD-218/download?source=datamanager&file=GLDS-218_rna_seq_RSEM_Unnormalized_Counts_rRNArm_GLbulkRNAseq.csv,False,Raw Counts Tables,,True,https://osdr.nasa.gov/geode-py/ws/studies/OSD-218/download?source=datamanager&file=GLDS-218_rna_seq_RSEM_Unnormalized_Counts_rRNArm_GLbulkRNAseq.csv
GeneLab Processed RNA-Seq Files,1787194650.232,1787194650.232,GLDS-218_rna_seq_RSEM_Unnormalized_Counts_GLbulkRNAseq.csv,3982550,genelab,/geode-py/ws/studies/OSD-218/download?source=datamanager&file=GLDS-218_rna_seq_RSEM_Unnormalized_Counts_GLbulkRNAseq.csv,False,Raw Counts Tables,,True,https://osdr.nasa.gov/geode-py/ws/studies/OSD-218/download?source=datamanager&file=GLDS-218_rna_seq_RSEM_Unnormalized_Counts_GLbulkRNAseq.csv
GeneLab Processed RNA-Seq Files,1787194650.33,1787194650.33,GLDS-218_rna_seq_SAMN06465276_GLbulkRNAseq_rRNArm.genes.results,2017947,genelab,/geode-py/ws/studies/OSD-218/download?source=datamanager&file=GLDS-218_rna_seq_SAMN06465276_GLbulkRNAseq_rRNArm.genes.results,False,Raw Counts Data,,True,https://osdr.nasa.gov/geode-py/ws/studies/OSD-218/download?source=datamanager&file=GLDS-218_rna_seq_SAMN06465276_GLbulkRNAseq_rRNArm.genes.results
GeneLab Processed RNA-Seq Files,1787194650.433,1787194650.433,GLDS-218_rna_seq_SAMN06465276_GLbulkRNAseq.isoforms.results,3040112,genelab,/geode-py/ws/studies/OSD-218/download?source=datamanager&file=GLDS-218_rna_seq_SAMN06465276_GLbulkRNAseq.isoforms.results,False,Raw Counts Data,,True,https://osdr.nasa.gov/geode-py/ws/studies/OSD-218/download?source=datamanager&file=GLDS-218_rna_seq_SAMN06465276_GLbulkRNAseq.isoforms.results
GeneLab Processed RNA-Seq Files,1787194650.531,1787194650.531,GLDS-218_rna_seq_SAMN06465276_GLbulkRNAseq.genes.results,2018807,genelab,/geode-py/ws/studies/OSD-218/download?source=datamanager&file=GLDS-218_rna_seq_SAMN06465276_GLbulkRNAseq.genes.results,False,Raw Counts Data,,True,https://osdr.nasa.gov/geode-py/ws/studies/OSD-218/download?source=datamanager&file=GLDS-218_rna_seq_SAMN06465276_GLbulkRNAseq.genes.results
GeneLab Processed RNA-Seq Files,1787194650.63,1787194650.63,GLDS-218_rna_seq_SAMN06465275_GLbulkRNAseq_rRNArm.genes.results,2022015,genelab,/geode-py/ws/studies/OSD-218/download?source=datamanager&file=GLDS-218_rna_seq_SAMN06465275_GLbulkRNAseq_rRNArm.genes.results,False,Raw Counts Data,,True,https://osdr.nasa.gov/geode-py/ws/studies/OSD-218/download?source=datamanager&file=GLDS-218_rna_seq_SAMN06465275_GLbulkRNAseq_rRNArm.genes.results
GeneLab Processed RNA-Seq Files,1787194650.728,1787194650.728,GLDS-218_rna_seq_SAMN06465275_GLbulkRNAseq.isoforms.results,3046934,genelab,/geode-py/ws/studies/OSD-218/download?source=datamanager&file=GLDS-218_rna_seq_SAMN06465275_GLbulkRNAseq.isoforms.results,False,Raw Counts Data,,True,https://osdr.nasa.gov/geode-py/ws/studies/OSD-218/download?source=datamanager&file=GLDS-218_rna_seq_SAMN06465275_GLbulkRNAseq.isoforms.results
GeneLab Processed RNA-Seq Files,1787194650.827,1787194650.827,GLDS-218_rna_seq_SAMN06465275_GLbulkRNAseq.genes.results,2022888,genelab,/geode-py/ws/studies/OSD-218/download?source=datamanager&file=GLDS-218_rna_seq_SAMN06465275_GLbulkRNAseq.genes.results,False,Raw Counts Data,,True,https://osdr.nasa.gov/geode-py/ws/studies/OSD-218/download?source=datamanager&file=GLDS-218_rna_seq_SAMN06465275_GLbulkRNAseq.genes.results
GeneLab Processed RNA-Seq Files,1787194650.925,1787194650.925,GLDS-218_rna_seq_SAMN06465273_GLbulkRNAseq_rRNArm.genes.results,2020092,genelab,/geode-py/ws/studies/OSD-218/download?source=datamanager&file=GLDS-218_rna_seq_SAMN06465273_GLbulkRNAseq_rRNArm.genes.results,False,Raw Counts Data,,True,https://osdr.nasa.gov/geode-py/ws/studies/OSD-218/download?source=datamanager&file=GLDS-218_rna_seq_SAMN06465273_GLbulkRNAseq_rRNArm.genes.results
GeneLab Processed RNA-Seq Files,1787194651.025,1787194651.025,GLDS-218_rna_seq_SAMN06465273_GLbulkRNAseq.isoforms.results,3043661,genelab,/geode-py/ws/studies/OSD-218/download?source=datamanager&file=GLDS-218_rna_seq_SAMN06465273_GLbulkRNAseq.isoforms.results,False,Raw Counts Data,,True,https://osdr.nasa.gov/geode-py/ws/studies/OSD-218/download?source=datamanager&file=GLDS-218_rna_seq_SAMN06465273_GLbulkRNAseq.isoforms.results
GeneLab Processed RNA-Seq Files,1787194651.126,1787194651.126,GLDS-218_rna_seq_SAMN06465273_GLbulkRNAseq.genes.results,2020956,genelab,/geode-py/ws/studies/OSD-218/download?source=datamanager&file=GLDS-218_rna_seq_SAMN06465273_GLbulkRNAseq.genes.results,False,Raw Counts Data,,True,https://osdr.nasa.gov/geode-py/ws/studies/OSD-218/download?source=datamanager&file=GLDS-218_rna_seq_SAMN06465273_GLbulkRNAseq.genes.results
GeneLab Processed RNA-Seq Files,1787194651.225,1787194651.225,GLDS-218_rna_seq_SAMN06465272_GLbulkRNAseq_rRNArm.genes.results,2020450,genelab,/geode-py/ws/studies/OSD-218/download?source=datamanager&file=GLDS-218_rna_seq_SAMN06465272_GLbulkRNAseq_rRNArm.genes.results,False,Raw Counts Data,,True,https://osdr.nasa.gov/geode-py/ws/studies/OSD-218/download?source=datamanager&file=GLDS-218_rna_seq_SAMN06465272_GLbulkRNAseq_rRNArm.genes.results
GeneLab Processed RNA-Seq Files,1787194651.324,1787194651.324,GLDS-218_rna_seq_SAMN06465272_GLbulkRNAseq.isoforms.results,3043621,genelab,/geode-py/ws/studies/OSD-218/download?source=datamanager&file=GLDS-218_rna_seq_SAMN06465272_GLbulkRNAseq.isoforms.results,False,Raw Counts Data,,True,https://osdr.nasa.gov/geode-py/ws/studies/OSD-218/download?source=datamanager&file=GLDS-218_rna_seq_SAMN06465272_GLbulkRNAseq.isoforms.results
GeneLab Processed RNA-Seq Files,1787194651.422,1787194651.422,GLDS-218_rna_seq_SAMN06465272_GLbulkRNAseq.genes.results,2021313,genelab,/geode-py/ws/studies/OSD-218/download?source=datamanager&file=GLDS-218_rna_seq_SAMN06465272_GLbulkRNAseq.genes.results,False,Raw Counts Data,,True,https://osdr.nasa.gov/geode-py/ws/studies/OSD-218/download?source=datamanager&file=GLDS-218_rna_seq_SAMN06465272_GLbulkRNAseq.genes.results
GeneLab Processed RNA-Seq Files,1787194651.52,1787194651.52,GLDS-218_rna_seq_SAMN06465270_GLbulkRNAseq_rRNArm.genes.results,2017754,genelab,/geode-py/ws/studies/OSD-218/download?source=datamanager&file=GLDS-218_rna_seq_SAMN06465270_GLbulkRNAseq_rRNArm.genes.results,False,Raw Counts Data,,True,https://osdr.nasa.gov/geode-py/ws/studies/OSD-218/download?source=datamanager&file=GLDS-218_rna_seq_SAMN06465270_GLbulkRNAseq_rRNArm.genes.results
GeneLab Processed RNA-Seq Files,1787194651.619,1787194651.619,GLDS-218_rna_seq_SAMN06465270_GLbulkRNAseq.isoforms.results,3040580,genelab,/geode-py/ws/studies/OSD-218/download?source=datamanager&file=GLDS-218_rna_seq_SAMN06465270_GLbulkRNAseq.isoforms.results,False,Raw Counts Data,,True,https://osdr.nasa.gov/geode-py/ws/studies/OSD-218/download?source=datamanager&file=GLDS-218_rna_seq_SAMN06465270_GLbulkRNAseq.isoforms.results
GeneLab Processed RNA-Seq Files,1787194651.717,1787194651.717,GLDS-218_rna_seq_SAMN06465270_GLbulkRNAseq.genes.results,2018634,genelab,/geode-py/ws/studies/OSD-218/download?source=datamanager&file=GLDS-218_rna_seq_SAMN06465270_GLbulkRNAseq.genes.results,False,Raw Counts Data,,True,https://osdr.nasa.gov/geode-py/ws/studies/OSD-218/download?source=datamanager&file=GLDS-218_rna_seq_SAMN06465270_GLbulkRNAseq.genes.results
GeneLab Processed RNA-Seq Files,1787194651.822,1787194651.822,GLDS-218_rna_seq_SAMN06465269_GLbulkRNAseq_rRNArm.genes.results,2019776,genelab,/geode-py/ws/studies/OSD-218/download?source=datamanager&file=GLDS-218_rna_seq_SAMN06465269_GLbulkRNAseq_rRNArm.genes.results,False,Raw Counts Data,,True,https://osdr.nasa.gov/geode-py/ws/studies/OSD-218/download?source=datamanager&file=GLDS-218_rna_seq_SAMN06465269_GLbulkRNAseq_rRNArm.genes.results
GeneLab Processed RNA-Seq Files,1787194651.922,1787194651.922,GLDS-218_rna_seq_SAMN06465269_GLbulkRNAseq.isoforms.results,3044068,genelab,/geode-py/ws/studies/OSD-218/download?source=datamanager&file=GLDS-218_rna_seq_SAMN06465269_GLbulkRNAseq.isoforms.results,False,Raw Counts Data,,True,https://osdr.nasa.gov/geode-py/ws/studies/OSD-218/download?source=datamanager&file=GLDS-218_rna_seq_SAMN06465269_GLbulkRNAseq.isoforms.results
GeneLab Processed RNA-Seq Files,1787194652.019,1787194652.019,GLDS-218_rna_seq_SAMN06465269_GLbulkRNAseq.genes.results,2020656,genelab,/geode-py/ws/studies/OSD-218/download?source=datamanager&file=GLDS-218_rna_seq_SAMN06465269_GLbulkRNAseq.genes.results,False,Raw Counts Data,,True,https://osdr.nasa.gov/geode-py/ws/studies/OSD-218/download?source=datamanager&file=GLDS-218_rna_seq_SAMN06465269_GLbulkRNAseq.genes.results
GeneLab Processed RNA-Seq Files,1787194652.117,1787194652.117,GLDS-218_rna_seq_SAMN06465268_GLbulkRNAseq_rRNArm.genes.results,2016744,genelab,/geode-py/ws/studies/OSD-218/download?source=datamanager&file=GLDS-218_rna_seq_SAMN06465268_GLbulkRNAseq_rRNArm.genes.results,False,Raw Counts Data,,True,https://osdr.nasa.gov/geode-py/ws/studies/OSD-218/download?source=datamanager&file=GLDS-218_rna_seq_SAMN06465268_GLbulkRNAseq_rRNArm.genes.results
GeneLab Processed RNA-Seq Files,1787194652.215,1787194652.215,GLDS-218_rna_seq_SAMN06465268_GLbulkRNAseq.isoforms.results,3038599,genelab,/geode-py/ws/studies/OSD-218/download?source=datamanager&file=GLDS-218_rna_seq_SAMN06465268_GLbulkRNAseq.isoforms.results,False,Raw Counts Data,,True,https://osdr.nasa.gov/geode-py/ws/studies/OSD-218/download?source=datamanager&file=GLDS-218_rna_seq_SAMN06465268_GLbulkRNAseq.isoforms.results
GeneLab Processed RNA-Seq Files,1787194652.312,1787194652.312,GLDS-218_rna_seq_SAMN06465268_GLbulkRNAseq.genes.results,2017625,genelab,/geode-py/ws/studies/OSD-218/download?source=datamanager&file=GLDS-218_rna_seq_SAMN06465268_GLbulkRNAseq.genes.results,False,Raw Counts Data,,True,https://osdr.nasa.gov/geode-py/ws/studies/OSD-218/download?source=datamanager&file=GLDS-218_rna_seq_SAMN06465268_GLbulkRNAseq.genes.results
GeneLab Processed RNA-Seq Files,1787194652.411,1787194652.411,GLDS-218_rna_seq_SAMN06465267_GLbulkRNAseq_rRNArm.genes.results,2018940,genelab,/geode-py/ws/studies/OSD-218/download?source=datamanager&file=GLDS-218_rna_seq_SAMN06465267_GLbulkRNAseq_rRNArm.genes.results,False,Raw Counts Data,,True,https://osdr.nasa.gov/geode-py/ws/studies/OSD-218/download?source=datamanager&file=GLDS-218_rna_seq_SAMN06465267_GLbulkRNAseq_rRNArm.genes.results
GeneLab Processed RNA-Seq Files,1787194652.51,1787194652.51,GLDS-218_rna_seq_SAMN06465267_GLbulkRNAseq.isoforms.results,3042959,genelab,/geode-py/ws/studies/OSD-218/download?source=datamanager&file=GLDS-218_rna_seq_SAMN06465267_GLbulkRNAseq.isoforms.results,False,Raw Counts Data,,True,https://osdr.nasa.gov/geode-py/ws/studies/OSD-218/download?source=datamanager&file=GLDS-218_rna_seq_SAMN06465267_GLbulkRNAseq.isoforms.results
GeneLab Processed RNA-Seq Files,1787194652.609,1787194652.609,GLDS-218_rna_seq_SAMN06465267_GLbulkRNAseq.genes.results,2019819,genelab,/geode-py/ws/studies/OSD-218/download?source=datamanager&file=GLDS-218_rna_seq_SAMN06465267_GLbulkRNAseq.genes.results,False,Raw Counts Data,,True,https://osdr.nasa.gov/geode-py/ws/studies/OSD-218/download?source=datamanager&file=GLDS-218_rna_seq_SAMN06465267_GLbulkRNAseq.genes.results
GeneLab Processed RNA-Seq Files,1787194652.707,1787194652.707,GLDS-218_rna_seq_SAMN06465201_GLbulkRNAseq_rRNArm.genes.results,2020183,genelab,/geode-py/ws/studies/OSD-218/download?source=datamanager&file=GLDS-218_rna_seq_SAMN06465201_GLbulkRNAseq_rRNArm.genes.results,False,Raw Counts Data,,True,https://osdr.nasa.gov/geode-py/ws/studies/OSD-218/download?source=datamanager&file=GLDS-218_rna_seq_SAMN06465201_GLbulkRNAseq_rRNArm.genes.results
GeneLab Processed RNA-Seq Files,1787194652.807,1787194652.807,GLDS-218_rna_seq_SAMN06465201_GLbulkRNAseq.isoforms.results,3043047,genelab,/geode-py/ws/studies/OSD-218/download?source=datamanager&file=GLDS-218_rna_seq_SAMN06465201_GLbulkRNAseq.isoforms.results,False,Raw Counts Data,,True,https://osdr.nasa.gov/geode-py/ws/studies/OSD-218/download?source=datamanager&file=GLDS-218_rna_seq_SAMN06465201_GLbulkRNAseq.isoforms.results
GeneLab Processed RNA-Seq Files,1787194652.908,1787194652.908,GLDS-218_rna_seq_SAMN06465201_GLbulkRNAseq.genes.results,2021060,genelab,/geode-py/ws/studies/OSD-218/download?source=datamanager&file=GLDS-218_rna_seq_SAMN06465201_GLbulkRNAseq.genes.results,False,Raw Counts Data,,True,https://osdr.nasa.gov/geode-py/ws/studies/OSD-218/download?source=datamanager&file=GLDS-218_rna_seq_SAMN06465201_GLbulkRNAseq.genes.results
GeneLab Processed RNA-Seq Files,1787194653.008,1787194653.008,GLDS-218_rna_seq_SAMN06465197_GLbulkRNAseq_rRNArm.genes.results,2017833,genelab,/geode-py/ws/studies/OSD-218/download?source=datamanager&file=GLDS-218_rna_seq_SAMN06465197_GLbulkRNAseq_rRNArm.genes.results,False,Raw Counts Data,,True,https://osdr.nasa.gov/geode-py/ws/studies/OSD-218/download?source=datamanager&file=GLDS-218_rna_seq_SAMN06465197_GLbulkRNAseq_rRNArm.genes.results
GeneLab Processed RNA-Seq Files,1787194653.109,1787194653.109,GLDS-218_rna_seq_SAMN06465197_GLbulkRNAseq.isoforms.results,3039472,genelab,/geode-py/ws/studies/OSD-218/download?source=datamanager&file=GLDS-218_rna_seq_SAMN06465197_GLbulkRNAseq.isoforms.results,False,Raw Counts Data,,True,https://osdr.nasa.gov/geode-py/ws/studies/OSD-218/download?source=datamanager&file=GLDS-218_rna_seq_SAMN06465197_GLbulkRNAseq.isoforms.results
GeneLab Processed RNA-Seq Files,1787194653.209,1787194653.209,GLDS-218_rna_seq_SAMN06465197_GLbulkRNAseq.genes.results,2018721,genelab,/geode-py/ws/studies/OSD-218/download?source=datamanager&file=GLDS-218_rna_seq_SAMN06465197_GLbulkRNAseq.genes.results,False,Raw Counts Data,,True,https://osdr.nasa.gov/geode-py/ws/studies/OSD-218/download?source=datamanager&file=GLDS-218_rna_seq_SAMN06465197_GLbulkRNAseq.genes.results
GeneLab Processed RNA-Seq Files,1787194653.307,1787194653.307,GLDS-218_rna_seq_SAMN06465194_GLbulkRNAseq_rRNArm.genes.results,2020034,genelab,/geode-py/ws/studies/OSD-218/download?source=datamanager&file=GLDS-218_rna_seq_SAMN06465194_GLbulkRNAseq_rRNArm.genes.results,False,Raw Counts Data,,True,https://osdr.nasa.gov/geode-py/ws/studies/OSD-218/download?source=datamanager&file=GLDS-218_rna_seq_SAMN06465194_GLbulkRNAseq_rRNArm.genes.results
GeneLab Processed RNA-Seq Files,1787194653.405,1787194653.405,GLDS-218_rna_seq_SAMN06465194_GLbulkRNAseq.isoforms.results,3043185,genelab,/geode-py/ws/studies/OSD-218/download?source=datamanager&file=GLDS-218_rna_seq_SAMN06465194_GLbulkRNAseq.isoforms.results,False,Raw Counts Data,,True,https://osdr.nasa.gov/geode-py/ws/studies/OSD-218/download?source=datamanager&file=GLDS-218_rna_seq_SAMN06465194_GLbulkRNAseq.isoforms.results
GeneLab Processed RNA-Seq Files,1787194653.502,1787194653.502,GLDS-218_rna_seq_SAMN06465194_GLbulkRNAseq.genes.results,2020924,genelab,/geode-py/ws/studies/OSD-218/download?source=datamanager&file=GLDS-218_rna_seq_SAMN06465194_GLbulkRNAseq.genes.results,False,Raw Counts Data,,True,https://osdr.nasa.gov/geode-py/ws/studies/OSD-218/download?source=datamanager&file=GLDS-218_rna_seq_SAMN06465194_GLbulkRNAseq.genes.results
GeneLab Processed RNA-Seq Files,1787194653.601,1787194653.601,GLDS-218_rna_seq_SAMN06465190_GLbulkRNAseq_rRNArm.genes.results,2016977,genelab,/geode-py/ws/studies/OSD-218/download?source=datamanager&file=GLDS-218_rna_seq_SAMN06465190_GLbulkRNAseq_rRNArm.genes.results,False,Raw Counts Data,,True,https://osdr.nasa.gov/geode-py/ws/studies/OSD-218/download?source=datamanager&file=GLDS-218_rna_seq_SAMN06465190_GLbulkRNAseq_rRNArm.genes.results
GeneLab Processed RNA-Seq Files,1787194653.699,1787194653.699,GLDS-218_rna_seq_SAMN06465190_GLbulkRNAseq.isoforms.results,3039472,genelab,/geode-py/ws/studies/OSD-218/download?source=datamanager&file=GLDS-218_rna_seq_SAMN06465190_GLbulkRNAseq.isoforms.results,False,Raw Counts Data,,True,https://osdr.nasa.gov/geode-py/ws/studies/OSD-218/download?source=datamanager&file=GLDS-218_rna_seq_SAMN06465190_GLbulkRNAseq.isoforms.results
GeneLab Processed RNA-Seq Files,1787194653.797,1787194653.797,GLDS-218_rna_seq_SAMN06465190_GLbulkRNAseq.genes.results,2017859,genelab,/geode-py/ws/studies/OSD-218/download?source=datamanager&file=GLDS-218_rna_seq_SAMN06465190_GLbulkRNAseq.genes.results,False,Raw Counts Data,,True,https://osdr.nasa.gov/geode-py/ws/studies/OSD-218/download?source=datamanager&file=GLDS-218_rna_seq_SAMN06465190_GLbulkRNAseq.genes.results
GeneLab Processed RNA-Seq Files,1787194653.895,1787194653.895,GLDS-218_rna_seq_SAMN06465187_GLbulkRNAseq_rRNArm.genes.results,2019838,genelab,/geode-py/ws/studies/OSD-218/download?source=datamanager&file=GLDS-218_rna_seq_SAMN06465187_GLbulkRNAseq_rRNArm.genes.results,False,Raw Counts Data,,True,https://osdr.nasa.gov/geode-py/ws/studies/OSD-218/download?source=datamanager&file=GLDS-218_rna_seq_SAMN06465187_GLbulkRNAseq_rRNArm.genes.results
GeneLab Processed RNA-Seq Files,1787194653.994,1787194653.994,GLDS-218_rna_seq_SAMN06465187_GLbulkRNAseq.isoforms.results,3044093,genelab,/geode-py/ws/studies/OSD-218/download?source=datamanager&file=GLDS-218_rna_seq_SAMN06465187_GLbulkRNAseq.isoforms.results,False,Raw Counts Data,,True,https://osdr.nasa.gov/geode-py/ws/studies/OSD-218/download?source=datamanager&file=GLDS-218_rna_seq_SAMN06465187_GLbulkRNAseq.isoforms.results
GeneLab Processed RNA-Seq Files,1787194654.093,1787194654.093,GLDS-218_rna_seq_SAMN06465187_GLbulkRNAseq.genes.results,2020723,genelab,/geode-py/ws/studies/OSD-218/download?source=datamanager&file=GLDS-218_rna_seq_SAMN06465187_GLbulkRNAseq.genes.results,False,Raw Counts Data,,True,https://osdr.nasa.gov/geode-py/ws/studies/OSD-218/download?source=datamanager&file=GLDS-218_rna_seq_SAMN06465187_GLbulkRNAseq.genes.results
GeneLab Processed RNA-Seq Files,1787194654.192,1787194654.192,GLDS-218_rna_seq_SAMN06465183_GLbulkRNAseq_rRNArm.genes.results,2016638,genelab,/geode-py/ws/studies/OSD-218/download?source=datamanager&file=GLDS-218_rna_seq_SAMN06465183_GLbulkRNAseq_rRNArm.genes.results,False,Raw Counts Data,,True,https://osdr.nasa.gov/geode-py/ws/studies/OSD-218/download?source=datamanager&file=GLDS-218_rna_seq_SAMN06465183_GLbulkRNAseq_rRNArm.genes.results
GeneLab Processed RNA-Seq Files,1787194654.29,1787194654.29,GLDS-218_rna_seq_SAMN06465183_GLbulkRNAseq.isoforms.results,3038757,genelab,/geode-py/ws/studies/OSD-218/download?source=datamanager&file=GLDS-218_rna_seq_SAMN06465183_GLbulkRNAseq.isoforms.results,False,Raw Counts Data,,True,https://osdr.nasa.gov/geode-py/ws/studies/OSD-218/download?source=datamanager&file=GLDS-218_rna_seq_SAMN06465183_GLbulkRNAseq.isoforms.results
GeneLab Processed RNA-Seq Files,1787194654.39,1787194654.39,GLDS-218_rna_seq_SAMN06465183_GLbulkRNAseq.genes.results,2017523,genelab,/geode-py/ws/studies/OSD-218/download?source=datamanager&file=GLDS-218_rna_seq_SAMN06465183_GLbulkRNAseq.genes.results,False,Raw Counts Data,,True,https://osdr.nasa.gov/geode-py/ws/studies/OSD-218/download?source=datamanager&file=GLDS-218_rna_seq_SAMN06465183_GLbulkRNAseq.genes.results
GeneLab Processed RNA-Seq Files,1787194654.488,1787194654.488,GLDS-218_rna_seq_SAMN06465181_GLbulkRNAseq_rRNArm.genes.results,2014093,genelab,/geode-py/ws/studies/OSD-218/download?source=datamanager&file=GLDS-218_rna_seq_SAMN06465181_GLbulkRNAseq_rRNArm.genes.results,False,Raw Counts Data,,True,https://osdr.nasa.gov/geode-py/ws/studies/OSD-218/download?source=datamanager&file=GLDS-218_rna_seq_SAMN06465181_GLbulkRNAseq_rRNArm.genes.results
GeneLab Processed RNA-Seq Files,1787194654.588,1787194654.588,GLDS-218_rna_seq_SAMN06465181_GLbulkRNAseq.isoforms.results,3034926,genelab,/geode-py/ws/studies/OSD-218/download?source=datamanager&file=GLDS-218_rna_seq_SAMN06465181_GLbulkRNAseq.isoforms.results,False,Raw Counts Data,,True,https://osdr.nasa.gov/geode-py/ws/studies/OSD-218/download?source=datamanager&file=GLDS-218_rna_seq_SAMN06465181_GLbulkRNAseq.isoforms.results
GeneLab Processed RNA-Seq Files,1787194654.687,1787194654.687,GLDS-218_rna_seq_SAMN06465181_GLbulkRNAseq.genes.results,2014983,genelab,/geode-py/ws/studies/OSD-218/download?source=datamanager&file=GLDS-218_rna_seq_SAMN06465181_GLbulkRNAseq.genes.results,False,Raw Counts Data,,True,https://osdr.nasa.gov/geode-py/ws/studies/OSD-218/download?source=datamanager&file=GLDS-218_rna_seq_SAMN06465181_GLbulkRNAseq.genes.results
GeneLab Processed RNA-Seq Files,1787194654.784,1787194654.784,GLDS-218_rna_seq_SAMN06465179_GLbulkRNAseq_rRNArm.genes.results,2020774,genelab,/geode-py/ws/studies/OSD-218/download?source=datamanager&file=GLDS-218_rna_seq_SAMN06465179_GLbulkRNAseq_rRNArm.genes.results,False,Raw Counts Data,,True,https://osdr.nasa.gov/geode-py/ws/studies/OSD-218/download?source=datamanager&file=GLDS-218_rna_seq_SAMN06465179_GLbulkRNAseq_rRNArm.genes.results
GeneLab Processed RNA-Seq Files,1787194654.882,1787194654.882,GLDS-218_rna_seq_SAMN06465179_GLbulkRNAseq.isoforms.results,3044408,genelab,/geode-py/ws/studies/OSD-218/download?source=datamanager&file=GLDS-218_rna_seq_SAMN06465179_GLbulkRNAseq.isoforms.results,False,Raw Counts Data,,True,https://osdr.nasa.gov/geode-py/ws/studies/OSD-218/download?source=datamanager&file=GLDS-218_rna_seq_SAMN06465179_GLbulkRNAseq.isoforms.results
GeneLab Processed RNA-Seq Files,1787194654.98,1787194654.98,GLDS-218_rna_seq_SAMN06465179_GLbulkRNAseq.genes.results,2021652,genelab,/geode-py/ws/studies/OSD-218/download?source=datamanager&file=GLDS-218_rna_seq_SAMN06465179_GLbulkRNAseq.genes.results,False,Raw Counts Data,,True,https://osdr.nasa.gov/geode-py/ws/studies/OSD-218/download?source=datamanager&file=GLDS-218_rna_seq_SAMN06465179_GLbulkRNAseq.genes.results
GeneLab Processed RNA-Seq Files,1787194655.08,1787194655.08,GLDS-218_rna_seq_SAMN06465177_GLbulkRNAseq_rRNArm.genes.results,2016051,genelab,/geode-py/ws/studies/OSD-218/download?source=datamanager&file=GLDS-218_rna_seq_SAMN06465177_GLbulkRNAseq_rRNArm.genes.results,False,Raw Counts Data,,True,https://osdr.nasa.gov/geode-py/ws/studies/OSD-218/download?source=datamanager&file=GLDS-218_rna_seq_SAMN06465177_GLbulkRNAseq_rRNArm.genes.results
GeneLab Processed RNA-Seq Files,1787194655.179,1787194655.179,GLDS-218_rna_seq_SAMN06465177_GLbulkRNAseq.isoforms.results,3038651,genelab,/geode-py/ws/studies/OSD-218/download?source=datamanager&file=GLDS-218_rna_seq_SAMN06465177_GLbulkRNAseq.isoforms.results,False,Raw Counts Data,,True,https://osdr.nasa.gov/geode-py/ws/studies/OSD-218/download?source=datamanager&file=GLDS-218_rna_seq_SAMN06465177_GLbulkRNAseq.isoforms.results
GeneLab Processed RNA-Seq Files,1787194655.278,1787194655.278,GLDS-218_rna_seq_SAMN06465177_GLbulkRNAseq.genes.results,2016932,genelab,/geode-py/ws/studies/OSD-218/download?source=datamanager&file=GLDS-218_rna_seq_SAMN06465177_GLbulkRNAseq.genes.results,False,Raw Counts Data,,True,https://osdr.nasa.gov/geode-py/ws/studies/OSD-218/download?source=datamanager&file=GLDS-218_rna_seq_SAMN06465177_GLbulkRNAseq.genes.results
GeneLab Processed RNA-Seq Files,1787194655.377,1787194655.377,GLDS-218_rna_seq_SAMN06465174_GLbulkRNAseq_rRNArm.genes.results,2004304,genelab,/geode-py/ws/studies/OSD-218/download?source=datamanager&file=GLDS-218_rna_seq_SAMN06465174_GLbulkRNAseq_rRNArm.genes.results,False,Raw Counts Data,,True,https://osdr.nasa.gov/geode-py/ws/studies/OSD-218/download?source=datamanager&file=GLDS-218_rna_seq_SAMN06465174_GLbulkRNAseq_rRNArm.genes.results
GeneLab Processed RNA-Seq Files,1787194655.475,1787194655.475,GLDS-218_rna_seq_SAMN06465174_GLbulkRNAseq.isoforms.results,3020766,genelab,/geode-py/ws/studies/OSD-218/download?source=datamanager&file=GLDS-218_rna_seq_SAMN06465174_GLbulkRNAseq.isoforms.results,False,Raw Counts Data,,True,https://osdr.nasa.gov/geode-py/ws/studies/OSD-218/download?source=datamanager&file=GLDS-218_rna_seq_SAMN06465174_GLbulkRNAseq.isoforms.results
GeneLab Processed RNA-Seq Files,1787194655.577,1787194655.577,GLDS-218_rna_seq_SAMN06465174_GLbulkRNAseq.genes.results,2005202,genelab,/geode-py/ws/studies/OSD-218/download?source=datamanager&file=GLDS-218_rna_seq_SAMN06465174_GLbulkRNAseq.genes.results,False,Raw Counts Data,,True,https://osdr.nasa.gov/geode-py/ws/studies/OSD-218/download?source=datamanager&file=GLDS-218_rna_seq_SAMN06465174_GLbulkRNAseq.genes.results
GeneLab Processed RNA-Seq Files,1787194655.675,1787194655.675,GLDS-218_rna_seq_SAMN06465172_GLbulkRNAseq_rRNArm.genes.results,2010458,genelab,/geode-py/ws/studies/OSD-218/download?source=datamanager&file=GLDS-218_rna_seq_SAMN06465172_GLbulkRNAseq_rRNArm.genes.results,False,Raw Counts Data,,True,https://osdr.nasa.gov/geode-py/ws/studies/OSD-218/download?source=datamanager&file=GLDS-218_rna_seq_SAMN06465172_GLbulkRNAseq_rRNArm.genes.results
GeneLab Processed RNA-Seq Files,1787194655.773,1787194655.773,GLDS-218_rna_seq_SAMN06465172_GLbulkRNAseq.isoforms.results,3029088,genelab,/geode-py/ws/studies/OSD-218/download?source=datamanager&file=GLDS-218_rna_seq_SAMN06465172_GLbulkRNAseq.isoforms.results,False,Raw Counts Data,,True,https://osdr.nasa.gov/geode-py/ws/studies/OSD-218/download?source=datamanager&file=GLDS-218_rna_seq_SAMN06465172_GLbulkRNAseq.isoforms.results
GeneLab Processed RNA-Seq Files,1787194655.873,1787194655.873,GLDS-218_rna_seq_SAMN06465172_GLbulkRNAseq.genes.results,2011343,genelab,/geode-py/ws/studies/OSD-218/download?source=datamanager&file=GLDS-218_rna_seq_SAMN06465172_GLbulkRNAseq.genes.results,False,Raw Counts Data,,True,https://osdr.nasa.gov/geode-py/ws/studies/OSD-218/download?source=datamanager&file=GLDS-218_rna_seq_SAMN06465172_GLbulkRNAseq.genes.results
GeneLab Processed RNA-Seq Files,1787194655.971,1787194655.971,GLDS-218_rna_seq_SAMN06465170_GLbulkRNAseq_rRNArm.genes.results,2014932,genelab,/geode-py/ws/studies/OSD-218/download?source=datamanager&file=GLDS-218_rna_seq_SAMN06465170_GLbulkRNAseq_rRNArm.genes.results,False,Raw Counts Data,,True,https://osdr.nasa.gov/geode-py/ws/studies/OSD-218/download?source=datamanager&file=GLDS-218_rna_seq_SAMN06465170_GLbulkRNAseq_rRNArm.genes.results
GeneLab Processed RNA-Seq Files,1787194656.072,1787194656.072,GLDS-218_rna_seq_SAMN06465170_GLbulkRNAseq.isoforms.results,3035493,genelab,/geode-py/ws/studies/OSD-218/download?source=datamanager&file=GLDS-218_rna_seq_SAMN06465170_GLbulkRNAseq.isoforms.results,False,Raw Counts Data,,True,https://osdr.nasa.gov/geode-py/ws/studies/OSD-218/download?source=datamanager&file=GLDS-218_rna_seq_SAMN06465170_GLbulkRNAseq.isoforms.results
GeneLab Processed RNA-Seq Files,1787194656.171,1787194656.171,GLDS-218_rna_seq_SAMN06465170_GLbulkRNAseq.genes.results,2015810,genelab,/geode-py/ws/studies/OSD-218/download?source=datamanager&file=GLDS-218_rna_seq_SAMN06465170_GLbulkRNAseq.genes.results,False,Raw Counts Data,,True,https://osdr.nasa.gov/geode-py/ws/studies/OSD-218/download?source=datamanager&file=GLDS-218_rna_seq_SAMN06465170_GLbulkRNAseq.genes.results
GeneLab Processed RNA-Seq Files,1787194656.271,1787194656.271,GLDS-218_rna_seq_SAMN06465168_GLbulkRNAseq_rRNArm.genes.results,2011637,genelab,/geode-py/ws/studies/OSD-218/download?source=datamanager&file=GLDS-218_rna_seq_SAMN06465168_GLbulkRNAseq_rRNArm.genes.results,False,Raw Counts Data,,True,https://osdr.nasa.gov/geode-py/ws/studies/OSD-218/download?source=datamanager&file=GLDS-218_rna_seq_SAMN06465168_GLbulkRNAseq_rRNArm.genes.results
GeneLab Processed RNA-Seq Files,1787194656.37,1787194656.37,GLDS-218_rna_seq_SAMN06465168_GLbulkRNAseq.isoforms.results,3031718,genelab,/geode-py/ws/studies/OSD-218/download?source=datamanager&file=GLDS-218_rna_seq_SAMN06465168_GLbulkRNAseq.isoforms.results,False,Raw Counts Data,,True,https://osdr.nasa.gov/geode-py/ws/studies/OSD-218/download?source=datamanager&file=GLDS-218_rna_seq_SAMN06465168_GLbulkRNAseq.isoforms.results
GeneLab Processed RNA-Seq Files,1787194656.468,1787194656.468,GLDS-218_rna_seq_SAMN06465168_GLbulkRNAseq.genes.results,2012528,genelab,/geode-py/ws/studies/OSD-218/download?source=datamanager&file=GLDS-218_rna_seq_SAMN06465168_GLbulkRNAseq.genes.results,False,Raw Counts Data,,True,https://osdr.nasa.gov/geode-py/ws/studies/OSD-218/download?source=datamanager&file=GLDS-218_rna_seq_SAMN06465168_GLbulkRNAseq.genes.results
GeneLab Processed RNA-Seq Files,1787194656.568,1787194656.568,GLDS-218_rna_seq_SAMN06465165_GLbulkRNAseq_rRNArm.genes.results,2011273,genelab,/geode-py/ws/studies/OSD-218/download?source=datamanager&file=GLDS-218_rna_seq_SAMN06465165_GLbulkRNAseq_rRNArm.genes.results,False,Raw Counts Data,,True,https://osdr.nasa.gov/geode-py/ws/studies/OSD-218/download?source=datamanager&file=GLDS-218_rna_seq_SAMN06465165_GLbulkRNAseq_rRNArm.genes.results
GeneLab Processed RNA-Seq Files,1787194656.668,1787194656.668,GLDS-218_rna_seq_SAMN06465165_GLbulkRNAseq.isoforms.results,3030886,genelab,/geode-py/ws/studies/OSD-218/download?source=datamanager&file=GLDS-218_rna_seq_SAMN06465165_GLbulkRNAseq.isoforms.results,False,Raw Counts Data,,True,https://osdr.nasa.gov/geode-py/ws/studies/OSD-218/download?source=datamanager&file=GLDS-218_rna_seq_SAMN06465165_GLbulkRNAseq.isoforms.results
GeneLab Processed RNA-Seq Files,1787194656.769,1787194656.769,GLDS-218_rna_seq_SAMN06465165_GLbulkRNAseq.genes.results,2012166,genelab,/geode-py/ws/studies/OSD-218/download?source=datamanager&file=GLDS-218_rna_seq_SAMN06465165_GLbulkRNAseq.genes.results,False,Raw Counts Data,,True,https://osdr.nasa.gov/geode-py/ws/studies/OSD-218/download?source=datamanager&file=GLDS-218_rna_seq_SAMN06465165_GLbulkRNAseq.genes.results
GeneLab Processed RNA-Seq Files,1787194656.869,1787194656.869,GLDS-218_rna_seq_SAMN06465163_GLbulkRNAseq_rRNArm.genes.results,2011618,genelab,/geode-py/ws/studies/OSD-218/download?source=datamanager&file=GLDS-218_rna_seq_SAMN06465163_GLbulkRNAseq_rRNArm.genes.results,False,Raw Counts Data,,True,https://osdr.nasa.gov/geode-py/ws/studies/OSD-218/download?source=datamanager&file=GLDS-218_rna_seq_SAMN06465163_GLbulkRNAseq_rRNArm.genes.results
GeneLab Processed RNA-Seq Files,1787194656.969,1787194656.969,GLDS-218_rna_seq_SAMN06465163_GLbulkRNAseq.isoforms.results,3031531,genelab,/geode-py/ws/studies/OSD-218/download?source=datamanager&file=GLDS-218_rna_seq_SAMN06465163_GLbulkRNAseq.isoforms.results,False,Raw Counts Data,,True,https://osdr.nasa.gov/geode-py/ws/studies/OSD-218/download?source=datamanager&file=GLDS-218_rna_seq_SAMN06465163_GLbulkRNAseq.isoforms.results
GeneLab Processed RNA-Seq Files,1787194657.069,1787194657.069,GLDS-218_rna_seq_SAMN06465163_GLbulkRNAseq.genes.results,2012508,genelab,/geode-py/ws/studies/OSD-218/download?source=datamanager&file=GLDS-218_rna_seq_SAMN06465163_GLbulkRNAseq.genes.results,False,Raw Counts Data,,True,https://osdr.nasa.gov/geode-py/ws/studies/OSD-218/download?source=datamanager&file=GLDS-218_rna_seq_SAMN06465163_GLbulkRNAseq.genes.results
GeneLab Processed RNA-Seq Files,1787194657.169,1787194657.169,GLDS-218_rna_seq_SAMN06465160_GLbulkRNAseq_rRNArm.genes.results,2010926,genelab,/geode-py/ws/studies/OSD-218/download?source=datamanager&file=GLDS-218_rna_seq_SAMN06465160_GLbulkRNAseq_rRNArm.genes.results,False,Raw Counts Data,,True,https://osdr.nasa.gov/geode-py/ws/studies/OSD-218/download?source=datamanager&file=GLDS-218_rna_seq_SAMN06465160_GLbulkRNAseq_rRNArm.genes.results
GeneLab Processed RNA-Seq Files,1787194657.268,1787194657.268,GLDS-218_rna_seq_SAMN06465160_GLbulkRNAseq.isoforms.results,3030535,genelab,/geode-py/ws/studies/OSD-218/download?source=datamanager&file=GLDS-218_rna_seq_SAMN06465160_GLbulkRNAseq.isoforms.results,False,Raw Counts Data,,True,https://osdr.nasa.gov/geode-py/ws/studies/OSD-218/download?source=datamanager&file=GLDS-218_rna_seq_SAMN06465160_GLbulkRNAseq.isoforms.results
GeneLab Processed RNA-Seq Files,1787194657.369,1787194657.369,GLDS-218_rna_seq_SAMN06465160_GLbulkRNAseq.genes.results,2011822,genelab,/geode-py/ws/studies/OSD-218/download?source=datamanager&file=GLDS-218_rna_seq_SAMN06465160_GLbulkRNAseq.genes.results,False,Raw Counts Data,,True,https://osdr.nasa.gov/geode-py/ws/studies/OSD-218/download?source=datamanager&file=GLDS-218_rna_seq_SAMN06465160_GLbulkRNAseq.genes.results
GeneLab Processed RNA-Seq Files,1787194657.469,1787194657.469,GLDS-218_rna_seq_SAMN06465157_GLbulkRNAseq_rRNArm.genes.results,2018352,genelab,/geode-py/ws/studies/OSD-218/download?source=datamanager&file=GLDS-218_rna_seq_SAMN06465157_GLbulkRNAseq_rRNArm.genes.results,False,Raw Counts Data,,True,https://osdr.nasa.gov/geode-py/ws/studies/OSD-218/download?source=datamanager&file=GLDS-218_rna_seq_SAMN06465157_GLbulkRNAseq_rRNArm.genes.results
GeneLab Processed RNA-Seq Files,1787194657.569,1787194657.569,GLDS-218_rna_seq_SAMN06465157_GLbulkRNAseq.isoforms.results,3041843,genelab,/geode-py/ws/studies/OSD-218/download?source=datamanager&file=GLDS-218_rna_seq_SAMN06465157_GLbulkRNAseq.isoforms.results,False,Raw Counts Data,,True,https://osdr.nasa.gov/geode-py/ws/studies/OSD-218/download?source=datamanager&file=GLDS-218_rna_seq_SAMN06465157_GLbulkRNAseq.isoforms.results
GeneLab Processed RNA-Seq Files,1787194657.669,1787194657.669,GLDS-218_rna_seq_SAMN06465157_GLbulkRNAseq.genes.results,2019240,genelab,/geode-py/ws/studies/OSD-218/download?source=datamanager&file=GLDS-218_rna_seq_SAMN06465157_GLbulkRNAseq.genes.results,False,Raw Counts Data,,True,https://osdr.nasa.gov/geode-py/ws/studies/OSD-218/download?source=datamanager&file=GLDS-218_rna_seq_SAMN06465157_GLbulkRNAseq.genes.results
GeneLab Processed RNA-Seq Files,1787194657.77,1787194657.77,GLDS-218_rna_seq_SAMN06465155_GLbulkRNAseq_rRNArm.genes.results,2018446,genelab,/geode-py/ws/studies/OSD-218/download?source=datamanager&file=GLDS-218_rna_seq_SAMN06465155_GLbulkRNAseq_rRNArm.genes.results,False,Raw Counts Data,,True,https://osdr.nasa.gov/geode-py/ws/studies/OSD-218/download?source=datamanager&file=GLDS-218_rna_seq_SAMN06465155_GLbulkRNAseq_rRNArm.genes.results
GeneLab Processed RNA-Seq Files,1787194657.869,1787194657.869,GLDS-218_rna_seq_SAMN06465155_GLbulkRNAseq.isoforms.results,3041803,genelab,/geode-py/ws/studies/OSD-218/download?source=datamanager&file=GLDS-218_rna_seq_SAMN06465155_GLbulkRNAseq.isoforms.results,False,Raw Counts Data,,True,https://osdr.nasa.gov/geode-py/ws/studies/OSD-218/download?source=datamanager&file=GLDS-218_rna_seq_SAMN06465155_GLbulkRNAseq.isoforms.results
GeneLab Processed RNA-Seq Files,1787194657.97,1787194657.97,GLDS-218_rna_seq_SAMN06465155_GLbulkRNAseq.genes.results,2019329,genelab,/geode-py/ws/studies/OSD-218/download?source=datamanager&file=GLDS-218_rna_seq_SAMN06465155_GLbulkRNAseq.genes.results,False,Raw Counts Data,,True,https://osdr.nasa.gov/geode-py/ws/studies/OSD-218/download?source=datamanager&file=GLDS-218_rna_seq_SAMN06465155_GLbulkRNAseq.genes.results
GeneLab Processed RNA-Seq Files,1787194658.071,1787194658.071,GLDS-218_rna_seq_SAMN06465152_GLbulkRNAseq_rRNArm.genes.results,2021222,genelab,/geode-py/ws/studies/OSD-218/download?source=datamanager&file=GLDS-218_rna_seq_SAMN06465152_GLbulkRNAseq_rRNArm.genes.results,False,Raw Counts Data,,True,https://osdr.nasa.gov/geode-py/ws/studies/OSD-218/download?source=datamanager&file=GLDS-218_rna_seq_SAMN06465152_GLbulkRNAseq_rRNArm.genes.results
GeneLab Processed RNA-Seq Files,1787194658.169,1787194658.169,GLDS-218_rna_seq_SAMN06465152_GLbulkRNAseq.isoforms.results,3046182,genelab,/geode-py/ws/studies/OSD-218/download?source=datamanager&file=GLDS-218_rna_seq_SAMN06465152_GLbulkRNAseq.isoforms.results,False,Raw Counts Data,,True,https://osdr.nasa.gov/geode-py/ws/studies/OSD-218/download?source=datamanager&file=GLDS-218_rna_seq_SAMN06465152_GLbulkRNAseq.isoforms.results
GeneLab Processed RNA-Seq Files,1787194658.267,1787194658.267,GLDS-218_rna_seq_SAMN06465152_GLbulkRNAseq.genes.results,2022106,genelab,/geode-py/ws/studies/OSD-218/download?source=datamanager&file=GLDS-218_rna_seq_SAMN06465152_GLbulkRNAseq.genes.results,False,Raw Counts Data,,True,https://osdr.nasa.gov/geode-py/ws/studies/OSD-218/download?source=datamanager&file=GLDS-218_rna_seq_SAMN06465152_GLbulkRNAseq.genes.results
GeneLab Processed RNA-Seq Files,1787194658.366,1787194658.366,GLDS-218_rna_seq_SAMN06465150_GLbulkRNAseq_rRNArm.genes.results,2020347,genelab,/geode-py/ws/studies/OSD-218/download?source=datamanager&file=GLDS-218_rna_seq_SAMN06465150_GLbulkRNAseq_rRNArm.genes.results,False,Raw Counts Data,,True,https://osdr.nasa.gov/geode-py/ws/studies/OSD-218/download?source=datamanager&file=GLDS-218_rna_seq_SAMN06465150_GLbulkRNAseq_rRNArm.genes.results
GeneLab Processed RNA-Seq Files,1787194658.463,1787194658.463,GLDS-218_rna_seq_SAMN06465150_GLbulkRNAseq.isoforms.results,3044908,genelab,/geode-py/ws/studies/OSD-218/download?source=datamanager&file=GLDS-218_rna_seq_SAMN06465150_GLbulkRNAseq.isoforms.results,False,Raw Counts Data,,True,https://osdr.nasa.gov/geode-py/ws/studies/OSD-218/download?source=datamanager&file=GLDS-218_rna_seq_SAMN06465150_GLbulkRNAseq.isoforms.results
GeneLab Processed RNA-Seq Files,1787194658.562,1787194658.562,GLDS-218_rna_seq_SAMN06465150_GLbulkRNAseq.genes.results,2021237,genelab,/geode-py/ws/studies/OSD-218/download?source=datamanager&file=GLDS-218_rna_seq_SAMN06465150_GLbulkRNAseq.genes.results,False,Raw Counts Data,,True,https://osdr.nasa.gov/geode-py/ws/studies/OSD-218/download?source=datamanager&file=GLDS-218_rna_seq_SAMN06465150_GLbulkRNAseq.genes.results
GeneLab Processed RNA-Seq Files,1787194658.659,1787194658.659,GLDS-218_rna_seq_SAMN06465148_GLbulkRNAseq_rRNArm.genes.results,2022392,genelab,/geode-py/ws/studies/OSD-218/download?source=datamanager&file=GLDS-218_rna_seq_SAMN06465148_GLbulkRNAseq_rRNArm.genes.results,False,Raw Counts Data,,True,https://osdr.nasa.gov/geode-py/ws/studies/OSD-218/download?source=datamanager&file=GLDS-218_rna_seq_SAMN06465148_GLbulkRNAseq_rRNArm.genes.results
GeneLab Processed RNA-Seq Files,1787194658.757,1787194658.757,GLDS-218_rna_seq_SAMN06465148_GLbulkRNAseq.isoforms.results,3047688,genelab,/geode-py/ws/studies/OSD-218/download?source=datamanager&file=GLDS-218_rna_seq_SAMN06465148_GLbulkRNAseq.isoforms.results,False,Raw Counts Data,,True,https://osdr.nasa.gov/geode-py/ws/studies/OSD-218/download?source=datamanager&file=GLDS-218_rna_seq_SAMN06465148_GLbulkRNAseq.isoforms.results
GeneLab Processed RNA-Seq Files,1787194658.856,1787194658.856,GLDS-218_rna_seq_SAMN06465148_GLbulkRNAseq.genes.results,2023271,genelab,/geode-py/ws/studies/OSD-218/download?source=datamanager&file=GLDS-218_rna_seq_SAMN06465148_GLbulkRNAseq.genes.results,False,Raw Counts Data,,True,https://osdr.nasa.gov/geode-py/ws/studies/OSD-218/download?source=datamanager&file=GLDS-218_rna_seq_SAMN06465148_GLbulkRNAseq.genes.results
GeneLab Processed RNA-Seq Files,1787194658.954,1787194658.954,GLDS-218_rna_seq_SAMN06465146_GLbulkRNAseq_rRNArm.genes.results,2021849,genelab,/geode-py/ws/studies/OSD-218/download?source=datamanager&file=GLDS-218_rna_seq_SAMN06465146_GLbulkRNAseq_rRNArm.genes.results,False,Raw Counts Data,,True,https://osdr.nasa.gov/geode-py/ws/studies/OSD-218/download?source=datamanager&file=GLDS-218_rna_seq_SAMN06465146_GLbulkRNAseq_rRNArm.genes.results
GeneLab Processed RNA-Seq Files,1787194659.051,1787194659.051,GLDS-218_rna_seq_SAMN06465146_GLbulkRNAseq.isoforms.results,3047063,genelab,/geode-py/ws/studies/OSD-218/download?source=datamanager&file=GLDS-218_rna_seq_SAMN06465146_GLbulkRNAseq.isoforms.results,False,Raw Counts Data,,True,https://osdr.nasa.gov/geode-py/ws/studies/OSD-218/download?source=datamanager&file=GLDS-218_rna_seq_SAMN06465146_GLbulkRNAseq.isoforms.results
GeneLab Processed RNA-Seq Files,1787194659.15,1787194659.15,GLDS-218_rna_seq_SAMN06465146_GLbulkRNAseq.genes.results,2022729,genelab,/geode-py/ws/studies/OSD-218/download?source=datamanager&file=GLDS-218_rna_seq_SAMN06465146_GLbulkRNAseq.genes.results,False,Raw Counts Data,,True,https://osdr.nasa.gov/geode-py/ws/studies/OSD-218/download?source=datamanager&file=GLDS-218_rna_seq_SAMN06465146_GLbulkRNAseq.genes.results
GeneLab Processed RNA-Seq Files,1787194659.248,1787194659.248,GLDS-218_rna_seq_SAMN06465144_GLbulkRNAseq_rRNArm.genes.results,2020330,genelab,/geode-py/ws/studies/OSD-218/download?source=datamanager&file=GLDS-218_rna_seq_SAMN06465144_GLbulkRNAseq_rRNArm.genes.results,False,Raw Counts Data,,True,https://osdr.nasa.gov/geode-py/ws/studies/OSD-218/download?source=datamanager&file=GLDS-218_rna_seq_SAMN06465144_GLbulkRNAseq_rRNArm.genes.results
GeneLab Processed RNA-Seq Files,1787194659.346,1787194659.346,GLDS-218_rna_seq_SAMN06465144_GLbulkRNAseq.isoforms.results,3043976,genelab,/geode-py/ws/studies/OSD-218/download?source=datamanager&file=GLDS-218_rna_seq_SAMN06465144_GLbulkRNAseq.isoforms.results,False,Raw Counts Data,,True,https://osdr.nasa.gov/geode-py/ws/studies/OSD-218/download?source=datamanager&file=GLDS-218_rna_seq_SAMN06465144_GLbulkRNAseq.isoforms.results
GeneLab Processed RNA-Seq Files,1787194659.444,1787194659.444,GLDS-218_rna_seq_SAMN06465144_GLbulkRNAseq.genes.results,2021209,genelab,/geode-py/ws/studies/OSD-218/download?source=datamanager&file=GLDS-218_rna_seq_SAMN06465144_GLbulkRNAseq.genes.results,False,Raw Counts Data,,True,https://osdr.nasa.gov/geode-py/ws/studies/OSD-218/download?source=datamanager&file=GLDS-218_rna_seq_SAMN06465144_GLbulkRNAseq.genes.results
GeneLab Processed RNA-Seq Files,1787194659.542,1787194659.542,GLDS-218_rna_seq_SAMN06465142_GLbulkRNAseq_rRNArm.genes.results,2020487,genelab,/geode-py/ws/studies/OSD-218/download?source=datamanager&file=GLDS-218_rna_seq_SAMN06465142_GLbulkRNAseq_rRNArm.genes.results,False,Raw Counts Data,,True,https://osdr.nasa.gov/geode-py/ws/studies/OSD-218/download?source=datamanager&file=GLDS-218_rna_seq_SAMN06465142_GLbulkRNAseq_rRNArm.genes.results
GeneLab Processed RNA-Seq Files,1787194659.639,1787194659.639,GLDS-218_rna_seq_SAMN06465142_GLbulkRNAseq.isoforms.results,3044842,genelab,/geode-py/ws/studies/OSD-218/download?source=datamanager&file=GLDS-218_rna_seq_SAMN06465142_GLbulkRNAseq.isoforms.results,False,Raw Counts Data,,True,https://osdr.nasa.gov/geode-py/ws/studies/OSD-218/download?source=datamanager&file=GLDS-218_rna_seq_SAMN06465142_GLbulkRNAseq.isoforms.results
GeneLab Processed RNA-Seq Files,1787194659.737,1787194659.737,GLDS-218_rna_seq_SAMN06465142_GLbulkRNAseq.genes.results,2021373,genelab,/geode-py/ws/studies/OSD-218/download?source=datamanager&file=GLDS-218_rna_seq_SAMN06465142_GLbulkRNAseq.genes.results,False,Raw Counts Data,,True,https://osdr.nasa.gov/geode-py/ws/studies/OSD-218/download?source=datamanager&file=GLDS-218_rna_seq_SAMN06465142_GLbulkRNAseq.genes.results
GeneLab Processed RNA-Seq Files,1787194659.835,1787194659.835,GLDS-218_rna_seq_RSEM_count_multiqc_GLbulkRNAseq_data.zip,26845,genelab,/geode-py/ws/studies/OSD-218/download?source=datamanager&file=GLDS-218_rna_seq_RSEM_count_multiqc_GLbulkRNAseq_data.zip,False,Raw Counts Data,MultiQC Reports,True,https://osdr.nasa.gov/geode-py/ws/studies/OSD-218/download?source=datamanager&file=GLDS-218_rna_seq_RSEM_count_multiqc_GLbulkRNAseq_data.zip
GeneLab Processed RNA-Seq Files,1787194659.935,1787194659.935,GLDS-218_rna_seq_RSEM_count_multiqc_GLbulkRNAseq.html,4617305,genelab,/geode-py/ws/studies/OSD-218/download?source=datamanager&file=GLDS-218_rna_seq_RSEM_count_multiqc_GLbulkRNAseq.html,False,Raw Counts Data,MultiQC Reports,True,https://osdr.nasa.gov/geode-py/ws/studies/OSD-218/download?source=datamanager&file=GLDS-218_rna_seq_RSEM_count_multiqc_GLbulkRNAseq.html
GeneLab Processed RNA-Seq Files,1787194660.035,1787194660.035,GLDS-218_rna_seq_read_dist_multiqc_GLbulkRNAseq_data.zip,28788,genelab,/geode-py/ws/studies/OSD-218/download?source=datamanager&file=GLDS-218_rna_seq_read_dist_multiqc_GLbulkRNAseq_data.zip,False,RSeQC,MultiQC Reports,True,https://osdr.nasa.gov/geode-py/ws/studies/OSD-218/download?source=datamanager&file=GLDS-218_rna_seq_read_dist_multiqc_GLbulkRNAseq_data.zip
GeneLab Processed RNA-Seq Files,1787194660.133,1787194660.133,GLDS-218_rna_seq_read_dist_multiqc_GLbulkRNAseq.html,4589616,genelab,/geode-py/ws/studies/OSD-218/download?source=datamanager&file=GLDS-218_rna_seq_read_dist_multiqc_GLbulkRNAseq.html,False,RSeQC,MultiQC Reports,True,https://osdr.nasa.gov/geode-py/ws/studies/OSD-218/download?source=datamanager&file=GLDS-218_rna_seq_read_dist_multiqc_GLbulkRNAseq.html
GeneLab Processed RNA-Seq Files,1787194660.231,1787194660.231,GLDS-218_rna_seq_inner_dist_multiqc_GLbulkRNAseq_data.zip,133119,genelab,/geode-py/ws/studies/OSD-218/download?source=datamanager&file=GLDS-218_rna_seq_inner_dist_multiqc_GLbulkRNAseq_data.zip,False,RSeQC,MultiQC Reports,True,https://osdr.nasa.gov/geode-py/ws/studies/OSD-218/download?source=datamanager&file=GLDS-218_rna_seq_inner_dist_multiqc_GLbulkRNAseq_data.zip
GeneLab Processed RNA-Seq Files,1787194660.33,1787194660.33,GLDS-218_rna_seq_inner_dist_multiqc_GLbulkRNAseq.html,4644745,genelab,/geode-py/ws/studies/OSD-218/download?source=datamanager&file=GLDS-218_rna_seq_inner_dist_multiqc_GLbulkRNAseq.html,False,RSeQC,MultiQC Reports,True,https://osdr.nasa.gov/geode-py/ws/studies/OSD-218/download?source=datamanager&file=GLDS-218_rna_seq_inner_dist_multiqc_GLbulkRNAseq.html
GeneLab Processed RNA-Seq Files,1787194660.428,1787194660.428,GLDS-218_rna_seq_infer_exp_multiqc_GLbulkRNAseq_data.zip,5577,genelab,/geode-py/ws/studies/OSD-218/download?source=datamanager&file=GLDS-218_rna_seq_infer_exp_multiqc_GLbulkRNAseq_data.zip,False,RSeQC,MultiQC Reports,True,https://osdr.nasa.gov/geode-py/ws/studies/OSD-218/download?source=datamanager&file=GLDS-218_rna_seq_infer_exp_multiqc_GLbulkRNAseq_data.zip
GeneLab Processed RNA-Seq Files,1787194660.527,1787194660.527,GLDS-218_rna_seq_infer_exp_multiqc_GLbulkRNAseq.html,4582710,genelab,/geode-py/ws/studies/OSD-218/download?source=datamanager&file=GLDS-218_rna_seq_infer_exp_multiqc_GLbulkRNAseq.html,False,RSeQC,MultiQC Reports,True,https://osdr.nasa.gov/geode-py/ws/studies/OSD-218/download?source=datamanager&file=GLDS-218_rna_seq_infer_exp_multiqc_GLbulkRNAseq.html
GeneLab Processed RNA-Seq Files,1787194660.624,1787194660.624,GLDS-218_rna_seq_geneBody_cov_multiqc_GLbulkRNAseq_data.zip,161546,genelab,/geode-py/ws/studies/OSD-218/download?source=datamanager&file=GLDS-218_rna_seq_geneBody_cov_multiqc_GLbulkRNAseq_data.zip,False,RSeQC,MultiQC Reports,True,https://osdr.nasa.gov/geode-py/ws/studies/OSD-218/download?source=datamanager&file=GLDS-218_rna_seq_geneBody_cov_multiqc_GLbulkRNAseq_data.zip
GeneLab Processed RNA-Seq Files,1787194660.722,1787194660.722,GLDS-218_rna_seq_geneBody_cov_multiqc_GLbulkRNAseq.html,4655667,genelab,/geode-py/ws/studies/OSD-218/download?source=datamanager&file=GLDS-218_rna_seq_geneBody_cov_multiqc_GLbulkRNAseq.html,False,RSeQC,MultiQC Reports,True,https://osdr.nasa.gov/geode-py/ws/studies/OSD-218/download?source=datamanager&file=GLDS-218_rna_seq_geneBody_cov_multiqc_GLbulkRNAseq.html
GeneLab Processed RNA-Seq Files,1787194660.821,1787194660.821,GLDS-218_rna_seq_qc_metrics_GLbulkRNAseq.csv,38877,genelab,/geode-py/ws/studies/OSD-218/download?source=datamanager&file=GLDS-218_rna_seq_qc_metrics_GLbulkRNAseq.csv,False,QC Metrics,,True,https://osdr.nasa.gov/geode-py/ws/studies/OSD-218/download?source=datamanager&file=GLDS-218_rna_seq_qc_metrics_GLbulkRNAseq.csv
GeneLab Processed RNA-Seq Files,1787194660.919,1787194660.919,GLDS-218_rna_seq_VST_Counts_rRNArm_GLbulkRNAseq.csv,13786933,genelab,/geode-py/ws/studies/OSD-218/download?source=datamanager&file=GLDS-218_rna_seq_VST_Counts_rRNArm_GLbulkRNAseq.csv,False,Normalized Counts Data,,True,https://osdr.nasa.gov/geode-py/ws/studies/OSD-218/download?source=datamanager&file=GLDS-218_rna_seq_VST_Counts_rRNArm_GLbulkRNAseq.csv
GeneLab Processed RNA-Seq Files,1787194661.018,1787194661.018,GLDS-218_rna_seq_VST_Counts_GLbulkRNAseq.csv,13795342,genelab,/geode-py/ws/studies/OSD-218/download?source=datamanager&file=GLDS-218_rna_seq_VST_Counts_GLbulkRNAseq.csv,False,Normalized Counts Data,,True,https://osdr.nasa.gov/geode-py/ws/studies/OSD-218/download?source=datamanager&file=GLDS-218_rna_seq_VST_Counts_GLbulkRNAseq.csv
GeneLab Processed RNA-Seq Files,1787194661.117,1787194661.117,GLDS-218_rna_seq_Normalized_Counts_rRNArm_GLbulkRNAseq.csv,12599077,genelab,/geode-py/ws/studies/OSD-218/download?source=datamanager&file=GLDS-218_rna_seq_Normalized_Counts_rRNArm_GLbulkRNAseq.csv,False,Normalized Counts Data,,True,https://osdr.nasa.gov/geode-py/ws/studies/OSD-218/download?source=datamanager&file=GLDS-218_rna_seq_Normalized_Counts_rRNArm_GLbulkRNAseq.csv
GeneLab Processed RNA-Seq Files,1787194661.216,1787194661.216,GLDS-218_rna_seq_Normalized_Counts_GLbulkRNAseq.csv,12607139,genelab,/geode-py/ws/studies/OSD-218/download?source=datamanager&file=GLDS-218_rna_seq_Normalized_Counts_GLbulkRNAseq.csv,False,Normalized Counts Data,,True,https://osdr.nasa.gov/geode-py/ws/studies/OSD-218/download?source=datamanager&file=GLDS-218_rna_seq_Normalized_Counts_GLbulkRNAseq.csv
GeneLab Processed RNA-Seq Files,1787194661.312,1787194661.312,GLDS-218_rna_seq_raw_multiqc_GLbulkRNAseq_data.zip,682975,genelab,/geode-py/ws/studies/OSD-218/download?source=datamanager&file=GLDS-218_rna_seq_raw_multiqc_GLbulkRNAseq_data.zip,False,Merged Sequence Data,MultiQC Reports,True,https://osdr.nasa.gov/geode-py/ws/studies/OSD-218/download?source=datamanager&file=GLDS-218_rna_seq_raw_multiqc_GLbulkRNAseq_data.zip
GeneLab Processed RNA-Seq Files,1787194661.412,1787194661.412,GLDS-218_rna_seq_raw_multiqc_GLbulkRNAseq.html,5507289,genelab,/geode-py/ws/studies/OSD-218/download?source=datamanager&file=GLDS-218_rna_seq_raw_multiqc_GLbulkRNAseq.html,False,Merged Sequence Data,MultiQC Reports,True,https://osdr.nasa.gov/geode-py/ws/studies/OSD-218/download?source=datamanager&file=GLDS-218_rna_seq_raw_multiqc_GLbulkRNAseq.html
GeneLab Processed RNA-Seq Files,1787194661.51,1787194661.51,GLDS-218_rna_seq_SAMN06465276_GLbulkRNAseq_R2_raw.fastq.gz,1018072592,genelab,/geode-py/ws/studies/OSD-218/download?source=datamanager&file=GLDS-218_rna_seq_SAMN06465276_GLbulkRNAseq_R2_raw.fastq.gz,False,Merged Sequence Data,,True,https://osdr.nasa.gov/geode-py/ws/studies/OSD-218/download?source=datamanager&file=GLDS-218_rna_seq_SAMN06465276_GLbulkRNAseq_R2_raw.fastq.gz
GeneLab Processed RNA-Seq Files,1787194661.61,1787194661.61,GLDS-218_rna_seq_SAMN06465276_GLbulkRNAseq_R1_raw.fastq.gz,995140208,genelab,/geode-py/ws/studies/OSD-218/download?source=datamanager&file=GLDS-218_rna_seq_SAMN06465276_GLbulkRNAseq_R1_raw.fastq.gz,False,Merged Sequence Data,,True,https://osdr.nasa.gov/geode-py/ws/studies/OSD-218/download?source=datamanager&file=GLDS-218_rna_seq_SAMN06465276_GLbulkRNAseq_R1_raw.fastq.gz
GeneLab Processed RNA-Seq Files,1787194661.708,1787194661.708,GLDS-218_rna_seq_SAMN06465275_GLbulkRNAseq_R2_raw.fastq.gz,1175432858,genelab,/geode-py/ws/studies/OSD-218/download?source=datamanager&file=GLDS-218_rna_seq_SAMN06465275_GLbulkRNAseq_R2_raw.fastq.gz,False,Merged Sequence Data,,True,https://osdr.nasa.gov/geode-py/ws/studies/OSD-218/download?source=datamanager&file=GLDS-218_rna_seq_SAMN06465275_GLbulkRNAseq_R2_raw.fastq.gz
GeneLab Processed RNA-Seq Files,1787194661.807,1787194661.807,GLDS-218_rna_seq_SAMN06465275_GLbulkRNAseq_R1_raw.fastq.gz,1149648775,genelab,/geode-py/ws/studies/OSD-218/download?source=datamanager&file=GLDS-218_rna_seq_SAMN06465275_GLbulkRNAseq_R1_raw.fastq.gz,False,Merged Sequence Data,,True,https://osdr.nasa.gov/geode-py/ws/studies/OSD-218/download?source=datamanager&file=GLDS-218_rna_seq_SAMN06465275_GLbulkRNAseq_R1_raw.fastq.gz
GeneLab Processed RNA-Seq Files,1787194661.906,1787194661.906,GLDS-218_rna_seq_SAMN06465273_GLbulkRNAseq_R2_raw.fastq.gz,1073847732,genelab,/geode-py/ws/studies/OSD-218/download?source=datamanager&file=GLDS-218_rna_seq_SAMN06465273_GLbulkRNAseq_R2_raw.fastq.gz,False,Merged Sequence Data,,True,https://osdr.nasa.gov/geode-py/ws/studies/OSD-218/download?source=datamanager&file=GLDS-218_rna_seq_SAMN06465273_GLbulkRNAseq_R2_raw.fastq.gz
GeneLab Processed RNA-Seq Files,1787194662.006,1787194662.006,GLDS-218_rna_seq_SAMN06465273_GLbulkRNAseq_R1_raw.fastq.gz,1054805166,genelab,/geode-py/ws/studies/OSD-218/download?source=datamanager&file=GLDS-218_rna_seq_SAMN06465273_GLbulkRNAseq_R1_raw.fastq.gz,False,Merged Sequence Data,,True,https://osdr.nasa.gov/geode-py/ws/studies/OSD-218/download?source=datamanager&file=GLDS-218_rna_seq_SAMN06465273_GLbulkRNAseq_R1_raw.fastq.gz
GeneLab Processed RNA-Seq Files,1787194662.105,1787194662.105,GLDS-218_rna_seq_SAMN06465272_GLbulkRNAseq_R2_raw.fastq.gz,1174448943,genelab,/geode-py/ws/studies/OSD-218/download?source=datamanager&file=GLDS-218_rna_seq_SAMN06465272_GLbulkRNAseq_R2_raw.fastq.gz,False,Merged Sequence Data,,True,https://osdr.nasa.gov/geode-py/ws/studies/OSD-218/download?source=datamanager&file=GLDS-218_rna_seq_SAMN06465272_GLbulkRNAseq_R2_raw.fastq.gz
GeneLab Processed RNA-Seq Files,1787194662.205,1787194662.205,GLDS-218_rna_seq_SAMN06465272_GLbulkRNAseq_R1_raw.fastq.gz,1149248178,genelab,/geode-py/ws/studies/OSD-218/download?source=datamanager&file=GLDS-218_rna_seq_SAMN06465272_GLbulkRNAseq_R1_raw.fastq.gz,False,Merged Sequence Data,,True,https://osdr.nasa.gov/geode-py/ws/studies/OSD-218/download?source=datamanager&file=GLDS-218_rna_seq_SAMN06465272_GLbulkRNAseq_R1_raw.fastq.gz
GeneLab Processed RNA-Seq Files,1787194662.304,1787194662.304,GLDS-218_rna_seq_SAMN06465270_GLbulkRNAseq_R2_raw.fastq.gz,1131591970,genelab,/geode-py/ws/studies/OSD-218/download?source=datamanager&file=GLDS-218_rna_seq_SAMN06465270_GLbulkRNAseq_R2_raw.fastq.gz,False,Merged Sequence Data,,True,https://osdr.nasa.gov/geode-py/ws/studies/OSD-218/download?source=datamanager&file=GLDS-218_rna_seq_SAMN06465270_GLbulkRNAseq_R2_raw.fastq.gz
GeneLab Processed RNA-Seq Files,1787194662.404,1787194662.404,GLDS-218_rna_seq_SAMN06465270_GLbulkRNAseq_R1_raw.fastq.gz,1104073313,genelab,/geode-py/ws/studies/OSD-218/download?source=datamanager&file=GLDS-218_rna_seq_SAMN06465270_GLbulkRNAseq_R1_raw.fastq.gz,False,Merged Sequence Data,,True,https://osdr.nasa.gov/geode-py/ws/studies/OSD-218/download?source=datamanager&file=GLDS-218_rna_seq_SAMN06465270_GLbulkRNAseq_R1_raw.fastq.gz
GeneLab Processed RNA-Seq Files,1787194662.503,1787194662.503,GLDS-218_rna_seq_SAMN06465269_GLbulkRNAseq_R2_raw.fastq.gz,1149890587,genelab,/geode-py/ws/studies/OSD-218/download?source=datamanager&file=GLDS-218_rna_seq_SAMN06465269_GLbulkRNAseq_R2_raw.fastq.gz,False,Merged Sequence Data,,True,https://osdr.nasa.gov/geode-py/ws/studies/OSD-218/download?source=datamanager&file=GLDS-218_rna_seq_SAMN06465269_GLbulkRNAseq_R2_raw.fastq.gz
GeneLab Processed RNA-Seq Files,1787194662.601,1787194662.601,GLDS-218_rna_seq_SAMN06465269_GLbulkRNAseq_R1_raw.fastq.gz,1123619661,genelab,/geode-py/ws/studies/OSD-218/download?source=datamanager&file=GLDS-218_rna_seq_SAMN06465269_GLbulkRNAseq_R1_raw.fastq.gz,False,Merged Sequence Data,,True,https://osdr.nasa.gov/geode-py/ws/studies/OSD-218/download?source=datamanager&file=GLDS-218_rna_seq_SAMN06465269_GLbulkRNAseq_R1_raw.fastq.gz
GeneLab Processed RNA-Seq Files,1787194662.7,1787194662.7,GLDS-218_rna_seq_SAMN06465268_GLbulkRNAseq_R2_raw.fastq.gz,1124916070,genelab,/geode-py/ws/studies/OSD-218/download?source=datamanager&file=GLDS-218_rna_seq_SAMN06465268_GLbulkRNAseq_R2_raw.fastq.gz,False,Merged Sequence Data,,True,https://osdr.nasa.gov/geode-py/ws/studies/OSD-218/download?source=datamanager&file=GLDS-218_rna_seq_SAMN06465268_GLbulkRNAseq_R2_raw.fastq.gz
GeneLab Processed RNA-Seq Files,1787194662.798,1787194662.798,GLDS-218_rna_seq_SAMN06465268_GLbulkRNAseq_R1_raw.fastq.gz,1104312330,genelab,/geode-py/ws/studies/OSD-218/download?source=datamanager&file=GLDS-218_rna_seq_SAMN06465268_GLbulkRNAseq_R1_raw.fastq.gz,False,Merged Sequence Data,,True,https://osdr.nasa.gov/geode-py/ws/studies/OSD-218/download?source=datamanager&file=GLDS-218_rna_seq_SAMN06465268_GLbulkRNAseq_R1_raw.fastq.gz
GeneLab Processed RNA-Seq Files,1787194662.896,1787194662.896,GLDS-218_rna_seq_SAMN06465267_GLbulkRNAseq_R2_raw.fastq.gz,1243513039,genelab,/geode-py/ws/studies/OSD-218/download?source=datamanager&file=GLDS-218_rna_seq_SAMN06465267_GLbulkRNAseq_R2_raw.fastq.gz,False,Merged Sequence Data,,True,https://osdr.nasa.gov/geode-py/ws/studies/OSD-218/download?source=datamanager&file=GLDS-218_rna_seq_SAMN06465267_GLbulkRNAseq_R2_raw.fastq.gz
GeneLab Processed RNA-Seq Files,1787194662.999,1787194662.999,GLDS-218_rna_seq_SAMN06465267_GLbulkRNAseq_R1_raw.fastq.gz,1213510669,genelab,/geode-py/ws/studies/OSD-218/download?source=datamanager&file=GLDS-218_rna_seq_SAMN06465267_GLbulkRNAseq_R1_raw.fastq.gz,False,Merged Sequence Data,,True,https://osdr.nasa.gov/geode-py/ws/studies/OSD-218/download?source=datamanager&file=GLDS-218_rna_seq_SAMN06465267_GLbulkRNAseq_R1_raw.fastq.gz
GeneLab Processed RNA-Seq Files,1787194663.098,1787194663.098,GLDS-218_rna_seq_SAMN06465201_GLbulkRNAseq_R2_raw.fastq.gz,1185798817,genelab,/geode-py/ws/studies/OSD-218/download?source=datamanager&file=GLDS-218_rna_seq_SAMN06465201_GLbulkRNAseq_R2_raw.fastq.gz,False,Merged Sequence Data,,True,https://osdr.nasa.gov/geode-py/ws/studies/OSD-218/download?source=datamanager&file=GLDS-218_rna_seq_SAMN06465201_GLbulkRNAseq_R2_raw.fastq.gz
GeneLab Processed RNA-Seq Files,1787194663.196,1787194663.196,GLDS-218_rna_seq_SAMN06465201_GLbulkRNAseq_R1_raw.fastq.gz,1158069378,genelab,/geode-py/ws/studies/OSD-218/download?source=datamanager&file=GLDS-218_rna_seq_SAMN06465201_GLbulkRNAseq_R1_raw.fastq.gz,False,Merged Sequence Data,,True,https://osdr.nasa.gov/geode-py/ws/studies/OSD-218/download?source=datamanager&file=GLDS-218_rna_seq_SAMN06465201_GLbulkRNAseq_R1_raw.fastq.gz
GeneLab Processed RNA-Seq Files,1787194663.295,1787194663.295,GLDS-218_rna_seq_SAMN06465197_GLbulkRNAseq_R2_raw.fastq.gz,1376436058,genelab,/geode-py/ws/studies/OSD-218/download?source=datamanager&file=GLDS-218_rna_seq_SAMN06465197_GLbulkRNAseq_R2_raw.fastq.gz,False,Merged Sequence Data,,True,https://osdr.nasa.gov/geode-py/ws/studies/OSD-218/download?source=datamanager&file=GLDS-218_rna_seq_SAMN06465197_GLbulkRNAseq_R2_raw.fastq.gz
GeneLab Processed RNA-Seq Files,1787194663.392,1787194663.392,GLDS-218_rna_seq_SAMN06465197_GLbulkRNAseq_R1_raw.fastq.gz,1331211014,genelab,/geode-py/ws/studies/OSD-218/download?source=datamanager&file=GLDS-218_rna_seq_SAMN06465197_GLbulkRNAseq_R1_raw.fastq.gz,False,Merged Sequence Data,,True,https://osdr.nasa.gov/geode-py/ws/studies/OSD-218/download?source=datamanager&file=GLDS-218_rna_seq_SAMN06465197_GLbulkRNAseq_R1_raw.fastq.gz
GeneLab Processed RNA-Seq Files,1787194663.491,1787194663.491,GLDS-218_rna_seq_SAMN06465194_GLbulkRNAseq_R2_raw.fastq.gz,1237525704,genelab,/geode-py/ws/studies/OSD-218/download?source=datamanager&file=GLDS-218_rna_seq_SAMN06465194_GLbulkRNAseq_R2_raw.fastq.gz,False,Merged Sequence Data,,True,https://osdr.nasa.gov/geode-py/ws/studies/OSD-218/download?source=datamanager&file=GLDS-218_rna_seq_SAMN06465194_GLbulkRNAseq_R2_raw.fastq.gz
GeneLab Processed RNA-Seq Files,1787194663.589,1787194663.589,GLDS-218_rna_seq_SAMN06465194_GLbulkRNAseq_R1_raw.fastq.gz,1200276490,genelab,/geode-py/ws/studies/OSD-218/download?source=datamanager&file=GLDS-218_rna_seq_SAMN06465194_GLbulkRNAseq_R1_raw.fastq.gz,False,Merged Sequence Data,,True,https://osdr.nasa.gov/geode-py/ws/studies/OSD-218/download?source=datamanager&file=GLDS-218_rna_seq_SAMN06465194_GLbulkRNAseq_R1_raw.fastq.gz
GeneLab Processed RNA-Seq Files,1787194663.687,1787194663.687,GLDS-218_rna_seq_SAMN06465190_GLbulkRNAseq_R2_raw.fastq.gz,1044750096,genelab,/geode-py/ws/studies/OSD-218/download?source=datamanager&file=GLDS-218_rna_seq_SAMN06465190_GLbulkRNAseq_R2_raw.fastq.gz,False,Merged Sequence Data,,True,https://osdr.nasa.gov/geode-py/ws/studies/OSD-218/download?source=datamanager&file=GLDS-218_rna_seq_SAMN06465190_GLbulkRNAseq_R2_raw.fastq.gz
GeneLab Processed RNA-Seq Files,1787194663.785,1787194663.785,GLDS-218_rna_seq_SAMN06465190_GLbulkRNAseq_R1_raw.fastq.gz,1020932935,genelab,/geode-py/ws/studies/OSD-218/download?source=datamanager&file=GLDS-218_rna_seq_SAMN06465190_GLbulkRNAseq_R1_raw.fastq.gz,False,Merged Sequence Data,,True,https://osdr.nasa.gov/geode-py/ws/studies/OSD-218/download?source=datamanager&file=GLDS-218_rna_seq_SAMN06465190_GLbulkRNAseq_R1_raw.fastq.gz
GeneLab Processed RNA-Seq Files,1787194663.885,1787194663.885,GLDS-218_rna_seq_SAMN06465187_GLbulkRNAseq_R2_raw.fastq.gz,1381690599,genelab,/geode-py/ws/studies/OSD-218/download?source=datamanager&file=GLDS-218_rna_seq_SAMN06465187_GLbulkRNAseq_R2_raw.fastq.gz,False,Merged Sequence Data,,True,https://osdr.nasa.gov/geode-py/ws/studies/OSD-218/download?source=datamanager&file=GLDS-218_rna_seq_SAMN06465187_GLbulkRNAseq_R2_raw.fastq.gz
GeneLab Processed RNA-Seq Files,1787194663.985,1787194663.985,GLDS-218_rna_seq_SAMN06465187_GLbulkRNAseq_R1_raw.fastq.gz,1345014217,genelab,/geode-py/ws/studies/OSD-218/download?source=datamanager&file=GLDS-218_rna_seq_SAMN06465187_GLbulkRNAseq_R1_raw.fastq.gz,False,Merged Sequence Data,,True,https://osdr.nasa.gov/geode-py/ws/studies/OSD-218/download?source=datamanager&file=GLDS-218_rna_seq_SAMN06465187_GLbulkRNAseq_R1_raw.fastq.gz
GeneLab Processed RNA-Seq Files,1787194664.083,1787194664.083,GLDS-218_rna_seq_SAMN06465183_GLbulkRNAseq_R2_raw.fastq.gz,1056762436,genelab,/geode-py/ws/studies/OSD-218/download?source=datamanager&file=GLDS-218_rna_seq_SAMN06465183_GLbulkRNAseq_R2_raw.fastq.gz,False,Merged Sequence Data,,True,https://osdr.nasa.gov/geode-py/ws/studies/OSD-218/download?source=datamanager&file=GLDS-218_rna_seq_SAMN06465183_GLbulkRNAseq_R2_raw.fastq.gz
GeneLab Processed RNA-Seq Files,1787194664.181,1787194664.181,GLDS-218_rna_seq_SAMN06465183_GLbulkRNAseq_R1_raw.fastq.gz,1030672366,genelab,/geode-py/ws/studies/OSD-218/download?source=datamanager&file=GLDS-218_rna_seq_SAMN06465183_GLbulkRNAseq_R1_raw.fastq.gz,False,Merged Sequence Data,,True,https://osdr.nasa.gov/geode-py/ws/studies/OSD-218/download?source=datamanager&file=GLDS-218_rna_seq_SAMN06465183_GLbulkRNAseq_R1_raw.fastq.gz
GeneLab Processed RNA-Seq Files,1787194664.28,1787194664.28,GLDS-218_rna_seq_SAMN06465181_GLbulkRNAseq_R2_raw.fastq.gz,999691588,genelab,/geode-py/ws/studies/OSD-218/download?source=datamanager&file=GLDS-218_rna_seq_SAMN06465181_GLbulkRNAseq_R2_raw.fastq.gz,False,Merged Sequence Data,,True,https://osdr.nasa.gov/geode-py/ws/studies/OSD-218/download?source=datamanager&file=GLDS-218_rna_seq_SAMN06465181_GLbulkRNAseq_R2_raw.fastq.gz
GeneLab Processed RNA-Seq Files,1787194664.378,1787194664.378,GLDS-218_rna_seq_SAMN06465181_GLbulkRNAseq_R1_raw.fastq.gz,973390793,genelab,/geode-py/ws/studies/OSD-218/download?source=datamanager&file=GLDS-218_rna_seq_SAMN06465181_GLbulkRNAseq_R1_raw.fastq.gz,False,Merged Sequence Data,,True,https://osdr.nasa.gov/geode-py/ws/studies/OSD-218/download?source=datamanager&file=GLDS-218_rna_seq_SAMN06465181_GLbulkRNAseq_R1_raw.fastq.gz
GeneLab Processed RNA-Seq Files,1787194664.477,1787194664.477,GLDS-218_rna_seq_SAMN06465179_GLbulkRNAseq_R2_raw.fastq.gz,1251683172,genelab,/geode-py/ws/studies/OSD-218/download?source=datamanager&file=GLDS-218_rna_seq_SAMN06465179_GLbulkRNAseq_R2_raw.fastq.gz,False,Merged Sequence Data,,True,https://osdr.nasa.gov/geode-py/ws/studies/OSD-218/download?source=datamanager&file=GLDS-218_rna_seq_SAMN06465179_GLbulkRNAseq_R2_raw.fastq.gz
GeneLab Processed RNA-Seq Files,1787194664.573,1787194664.573,GLDS-218_rna_seq_SAMN06465179_GLbulkRNAseq_R1_raw.fastq.gz,1213326395,genelab,/geode-py/ws/studies/OSD-218/download?source=datamanager&file=GLDS-218_rna_seq_SAMN06465179_GLbulkRNAseq_R1_raw.fastq.gz,False,Merged Sequence Data,,True,https://osdr.nasa.gov/geode-py/ws/studies/OSD-218/download?source=datamanager&file=GLDS-218_rna_seq_SAMN06465179_GLbulkRNAseq_R1_raw.fastq.gz
GeneLab Processed RNA-Seq Files,1787194664.671,1787194664.671,GLDS-218_rna_seq_SAMN06465177_GLbulkRNAseq_R2_raw.fastq.gz,994023392,genelab,/geode-py/ws/studies/OSD-218/download?source=datamanager&file=GLDS-218_rna_seq_SAMN06465177_GLbulkRNAseq_R2_raw.fastq.gz,False,Merged Sequence Data,,True,https://osdr.nasa.gov/geode-py/ws/studies/OSD-218/download?source=datamanager&file=GLDS-218_rna_seq_SAMN06465177_GLbulkRNAseq_R2_raw.fastq.gz
GeneLab Processed RNA-Seq Files,1787194664.768,1787194664.768,GLDS-218_rna_seq_SAMN06465177_GLbulkRNAseq_R1_raw.fastq.gz,968038867,genelab,/geode-py/ws/studies/OSD-218/download?source=datamanager&file=GLDS-218_rna_seq_SAMN06465177_GLbulkRNAseq_R1_raw.fastq.gz,False,Merged Sequence Data,,True,https://osdr.nasa.gov/geode-py/ws/studies/OSD-218/download?source=datamanager&file=GLDS-218_rna_seq_SAMN06465177_GLbulkRNAseq_R1_raw.fastq.gz
GeneLab Processed RNA-Seq Files,1787194664.866,1787194664.866,GLDS-218_rna_seq_SAMN06465174_GLbulkRNAseq_R2_raw.fastq.gz,879122940,genelab,/geode-py/ws/studies/OSD-218/download?source=datamanager&file=GLDS-218_rna_seq_SAMN06465174_GLbulkRNAseq_R2_raw.fastq.gz,False,Merged Sequence Data,,True,https://osdr.nasa.gov/geode-py/ws/studies/OSD-218/download?source=datamanager&file=GLDS-218_rna_seq_SAMN06465174_GLbulkRNAseq_R2_raw.fastq.gz
GeneLab Processed RNA-Seq Files,1787194664.963,1787194664.963,GLDS-218_rna_seq_SAMN06465174_GLbulkRNAseq_R1_raw.fastq.gz,859671635,genelab,/geode-py/ws/studies/OSD-218/download?source=datamanager&file=GLDS-218_rna_seq_SAMN06465174_GLbulkRNAseq_R1_raw.fastq.gz,False,Merged Sequence Data,,True,https://osdr.nasa.gov/geode-py/ws/studies/OSD-218/download?source=datamanager&file=GLDS-218_rna_seq_SAMN06465174_GLbulkRNAseq_R1_raw.fastq.gz
GeneLab Processed RNA-Seq Files,1787194665.062,1787194665.062,GLDS-218_rna_seq_SAMN06465172_GLbulkRNAseq_R2_raw.fastq.gz,1081313176,genelab,/geode-py/ws/studies/OSD-218/download?source=datamanager&file=GLDS-218_rna_seq_SAMN06465172_GLbulkRNAseq_R2_raw.fastq.gz,False,Merged Sequence Data,,True,https://osdr.nasa.gov/geode-py/ws/studies/OSD-218/download?source=datamanager&file=GLDS-218_rna_seq_SAMN06465172_GLbulkRNAseq_R2_raw.fastq.gz
GeneLab Processed RNA-Seq Files,1787194665.16,1787194665.16,GLDS-218_rna_seq_SAMN06465172_GLbulkRNAseq_R1_raw.fastq.gz,1056127456,genelab,/geode-py/ws/studies/OSD-218/download?source=datamanager&file=GLDS-218_rna_seq_SAMN06465172_GLbulkRNAseq_R1_raw.fastq.gz,False,Merged Sequence Data,,True,https://osdr.nasa.gov/geode-py/ws/studies/OSD-218/download?source=datamanager&file=GLDS-218_rna_seq_SAMN06465172_GLbulkRNAseq_R1_raw.fastq.gz
GeneLab Processed RNA-Seq Files,1787194665.258,1787194665.258,GLDS-218_rna_seq_SAMN06465170_GLbulkRNAseq_R2_raw.fastq.gz,1138163449,genelab,/geode-py/ws/studies/OSD-218/download?source=datamanager&file=GLDS-218_rna_seq_SAMN06465170_GLbulkRNAseq_R2_raw.fastq.gz,False,Merged Sequence Data,,True,https://osdr.nasa.gov/geode-py/ws/studies/OSD-218/download?source=datamanager&file=GLDS-218_rna_seq_SAMN06465170_GLbulkRNAseq_R2_raw.fastq.gz
GeneLab Processed RNA-Seq Files,1787194665.357,1787194665.357,GLDS-218_rna_seq_SAMN06465170_GLbulkRNAseq_R1_raw.fastq.gz,1113229257,genelab,/geode-py/ws/studies/OSD-218/download?source=datamanager&file=GLDS-218_rna_seq_SAMN06465170_GLbulkRNAseq_R1_raw.fastq.gz,False,Merged Sequence Data,,True,https://osdr.nasa.gov/geode-py/ws/studies/OSD-218/download?source=datamanager&file=GLDS-218_rna_seq_SAMN06465170_GLbulkRNAseq_R1_raw.fastq.gz
GeneLab Processed RNA-Seq Files,1787194665.456,1787194665.456,GLDS-218_rna_seq_SAMN06465168_GLbulkRNAseq_R2_raw.fastq.gz,941950293,genelab,/geode-py/ws/studies/OSD-218/download?source=datamanager&file=GLDS-218_rna_seq_SAMN06465168_GLbulkRNAseq_R2_raw.fastq.gz,False,Merged Sequence Data,,True,https://osdr.nasa.gov/geode-py/ws/studies/OSD-218/download?source=datamanager&file=GLDS-218_rna_seq_SAMN06465168_GLbulkRNAseq_R2_raw.fastq.gz
GeneLab Processed RNA-Seq Files,1787194665.554,1787194665.554,GLDS-218_rna_seq_SAMN06465168_GLbulkRNAseq_R1_raw.fastq.gz,923301777,genelab,/geode-py/ws/studies/OSD-218/download?source=datamanager&file=GLDS-218_rna_seq_SAMN06465168_GLbulkRNAseq_R1_raw.fastq.gz,False,Merged Sequence Data,,True,https://osdr.nasa.gov/geode-py/ws/studies/OSD-218/download?source=datamanager&file=GLDS-218_rna_seq_SAMN06465168_GLbulkRNAseq_R1_raw.fastq.gz
GeneLab Processed RNA-Seq Files,1787194665.652,1787194665.652,GLDS-218_rna_seq_SAMN06465165_GLbulkRNAseq_R2_raw.fastq.gz,1096716050,genelab,/geode-py/ws/studies/OSD-218/download?source=datamanager&file=GLDS-218_rna_seq_SAMN06465165_GLbulkRNAseq_R2_raw.fastq.gz,False,Merged Sequence Data,,True,https://osdr.nasa.gov/geode-py/ws/studies/OSD-218/download?source=datamanager&file=GLDS-218_rna_seq_SAMN06465165_GLbulkRNAseq_R2_raw.fastq.gz
GeneLab Processed RNA-Seq Files,1787194665.749,1787194665.749,GLDS-218_rna_seq_SAMN06465165_GLbulkRNAseq_R1_raw.fastq.gz,1066402660,genelab,/geode-py/ws/studies/OSD-218/download?source=datamanager&file=GLDS-218_rna_seq_SAMN06465165_GLbulkRNAseq_R1_raw.fastq.gz,False,Merged Sequence Data,,True,https://osdr.nasa.gov/geode-py/ws/studies/OSD-218/download?source=datamanager&file=GLDS-218_rna_seq_SAMN06465165_GLbulkRNAseq_R1_raw.fastq.gz
GeneLab Processed RNA-Seq Files,1787194665.846,1787194665.846,GLDS-218_rna_seq_SAMN06465163_GLbulkRNAseq_R2_raw.fastq.gz,1131808730,genelab,/geode-py/ws/studies/OSD-218/download?source=datamanager&file=GLDS-218_rna_seq_SAMN06465163_GLbulkRNAseq_R2_raw.fastq.gz,False,Merged Sequence Data,,True,https://osdr.nasa.gov/geode-py/ws/studies/OSD-218/download?source=datamanager&file=GLDS-218_rna_seq_SAMN06465163_GLbulkRNAseq_R2_raw.fastq.gz
GeneLab Processed RNA-Seq Files,1787194665.943,1787194665.943,GLDS-218_rna_seq_SAMN06465163_GLbulkRNAseq_R1_raw.fastq.gz,1099579477,genelab,/geode-py/ws/studies/OSD-218/download?source=datamanager&file=GLDS-218_rna_seq_SAMN06465163_GLbulkRNAseq_R1_raw.fastq.gz,False,Merged Sequence Data,,True,https://osdr.nasa.gov/geode-py/ws/studies/OSD-218/download?source=datamanager&file=GLDS-218_rna_seq_SAMN06465163_GLbulkRNAseq_R1_raw.fastq.gz
GeneLab Processed RNA-Seq Files,1787194666.042,1787194666.042,GLDS-218_rna_seq_SAMN06465160_GLbulkRNAseq_R2_raw.fastq.gz,1031367532,genelab,/geode-py/ws/studies/OSD-218/download?source=datamanager&file=GLDS-218_rna_seq_SAMN06465160_GLbulkRNAseq_R2_raw.fastq.gz,False,Merged Sequence Data,,True,https://osdr.nasa.gov/geode-py/ws/studies/OSD-218/download?source=datamanager&file=GLDS-218_rna_seq_SAMN06465160_GLbulkRNAseq_R2_raw.fastq.gz
GeneLab Processed RNA-Seq Files,1787194666.141,1787194666.141,GLDS-218_rna_seq_SAMN06465160_GLbulkRNAseq_R1_raw.fastq.gz,1003722220,genelab,/geode-py/ws/studies/OSD-218/download?source=datamanager&file=GLDS-218_rna_seq_SAMN06465160_GLbulkRNAseq_R1_raw.fastq.gz,False,Merged Sequence Data,,True,https://osdr.nasa.gov/geode-py/ws/studies/OSD-218/download?source=datamanager&file=GLDS-218_rna_seq_SAMN06465160_GLbulkRNAseq_R1_raw.fastq.gz
GeneLab Processed RNA-Seq Files,1787194666.24,1787194666.24,GLDS-218_rna_seq_SAMN06465157_GLbulkRNAseq_R2_raw.fastq.gz,1102607499,genelab,/geode-py/ws/studies/OSD-218/download?source=datamanager&file=GLDS-218_rna_seq_SAMN06465157_GLbulkRNAseq_R2_raw.fastq.gz,False,Merged Sequence Data,,True,https://osdr.nasa.gov/geode-py/ws/studies/OSD-218/download?source=datamanager&file=GLDS-218_rna_seq_SAMN06465157_GLbulkRNAseq_R2_raw.fastq.gz
GeneLab Processed RNA-Seq Files,1787194666.338,1787194666.338,GLDS-218_rna_seq_SAMN06465157_GLbulkRNAseq_R1_raw.fastq.gz,1079262685,genelab,/geode-py/ws/studies/OSD-218/download?source=datamanager&file=GLDS-218_rna_seq_SAMN06465157_GLbulkRNAseq_R1_raw.fastq.gz,False,Merged Sequence Data,,True,https://osdr.nasa.gov/geode-py/ws/studies/OSD-218/download?source=datamanager&file=GLDS-218_rna_seq_SAMN06465157_GLbulkRNAseq_R1_raw.fastq.gz
GeneLab Processed RNA-Seq Files,1787194666.435,1787194666.435,GLDS-218_rna_seq_SAMN06465155_GLbulkRNAseq_R2_raw.fastq.gz,1128551541,genelab,/geode-py/ws/studies/OSD-218/download?source=datamanager&file=GLDS-218_rna_seq_SAMN06465155_GLbulkRNAseq_R2_raw.fastq.gz,False,Merged Sequence Data,,True,https://osdr.nasa.gov/geode-py/ws/studies/OSD-218/download?source=datamanager&file=GLDS-218_rna_seq_SAMN06465155_GLbulkRNAseq_R2_raw.fastq.gz
GeneLab Processed RNA-Seq Files,1787194666.533,1787194666.533,GLDS-218_rna_seq_SAMN06465155_GLbulkRNAseq_R1_raw.fastq.gz,1096853363,genelab,/geode-py/ws/studies/OSD-218/download?source=datamanager&file=GLDS-218_rna_seq_SAMN06465155_GLbulkRNAseq_R1_raw.fastq.gz,False,Merged Sequence Data,,True,https://osdr.nasa.gov/geode-py/ws/studies/OSD-218/download?source=datamanager&file=GLDS-218_rna_seq_SAMN06465155_GLbulkRNAseq_R1_raw.fastq.gz
GeneLab Processed RNA-Seq Files,1787194666.632,1787194666.632,GLDS-218_rna_seq_SAMN06465152_GLbulkRNAseq_R2_raw.fastq.gz,1586302381,genelab,/geode-py/ws/studies/OSD-218/download?source=datamanager&file=GLDS-218_rna_seq_SAMN06465152_GLbulkRNAseq_R2_raw.fastq.gz,False,Merged Sequence Data,,True,https://osdr.nasa.gov/geode-py/ws/studies/OSD-218/download?source=datamanager&file=GLDS-218_rna_seq_SAMN06465152_GLbulkRNAseq_R2_raw.fastq.gz
GeneLab Processed RNA-Seq Files,1787194666.731,1787194666.731,GLDS-218_rna_seq_SAMN06465152_GLbulkRNAseq_R1_raw.fastq.gz,1547220627,genelab,/geode-py/ws/studies/OSD-218/download?source=datamanager&file=GLDS-218_rna_seq_SAMN06465152_GLbulkRNAseq_R1_raw.fastq.gz,False,Merged Sequence Data,,True,https://osdr.nasa.gov/geode-py/ws/studies/OSD-218/download?source=datamanager&file=GLDS-218_rna_seq_SAMN06465152_GLbulkRNAseq_R1_raw.fastq.gz
GeneLab Processed RNA-Seq Files,1787194666.83,1787194666.83,GLDS-218_rna_seq_SAMN06465150_GLbulkRNAseq_R2_raw.fastq.gz,1212608953,genelab,/geode-py/ws/studies/OSD-218/download?source=datamanager&file=GLDS-218_rna_seq_SAMN06465150_GLbulkRNAseq_R2_raw.fastq.gz,False,Merged Sequence Data,,True,https://osdr.nasa.gov/geode-py/ws/studies/OSD-218/download?source=datamanager&file=GLDS-218_rna_seq_SAMN06465150_GLbulkRNAseq_R2_raw.fastq.gz
GeneLab Processed RNA-Seq Files,1787194666.929,1787194666.929,GLDS-218_rna_seq_SAMN06465150_GLbulkRNAseq_R1_raw.fastq.gz,1180996757,genelab,/geode-py/ws/studies/OSD-218/download?source=datamanager&file=GLDS-218_rna_seq_SAMN06465150_GLbulkRNAseq_R1_raw.fastq.gz,False,Merged Sequence Data,,True,https://osdr.nasa.gov/geode-py/ws/studies/OSD-218/download?source=datamanager&file=GLDS-218_rna_seq_SAMN06465150_GLbulkRNAseq_R1_raw.fastq.gz
GeneLab Processed RNA-Seq Files,1787194667.03,1787194667.03,GLDS-218_rna_seq_SAMN06465148_GLbulkRNAseq_R2_raw.fastq.gz,1367678719,genelab,/geode-py/ws/studies/OSD-218/download?source=datamanager&file=GLDS-218_rna_seq_SAMN06465148_GLbulkRNAseq_R2_raw.fastq.gz,False,Merged Sequence Data,,True,https://osdr.nasa.gov/geode-py/ws/studies/OSD-218/download?source=datamanager&file=GLDS-218_rna_seq_SAMN06465148_GLbulkRNAseq_R2_raw.fastq.gz
GeneLab Processed RNA-Seq Files,1787194667.128,1787194667.128,GLDS-218_rna_seq_SAMN06465148_GLbulkRNAseq_R1_raw.fastq.gz,1337273944,genelab,/geode-py/ws/studies/OSD-218/download?source=datamanager&file=GLDS-218_rna_seq_SAMN06465148_GLbulkRNAseq_R1_raw.fastq.gz,False,Merged Sequence Data,,True,https://osdr.nasa.gov/geode-py/ws/studies/OSD-218/download?source=datamanager&file=GLDS-218_rna_seq_SAMN06465148_GLbulkRNAseq_R1_raw.fastq.gz
GeneLab Processed RNA-Seq Files,1787194667.226,1787194667.226,GLDS-218_rna_seq_SAMN06465146_GLbulkRNAseq_R2_raw.fastq.gz,1324404488,genelab,/geode-py/ws/studies/OSD-218/download?source=datamanager&file=GLDS-218_rna_seq_SAMN06465146_GLbulkRNAseq_R2_raw.fastq.gz,False,Merged Sequence Data,,True,https://osdr.nasa.gov/geode-py/ws/studies/OSD-218/download?source=datamanager&file=GLDS-218_rna_seq_SAMN06465146_GLbulkRNAseq_R2_raw.fastq.gz
GeneLab Processed RNA-Seq Files,1787194667.324,1787194667.324,GLDS-218_rna_seq_SAMN06465146_GLbulkRNAseq_R1_raw.fastq.gz,1286827109,genelab,/geode-py/ws/studies/OSD-218/download?source=datamanager&file=GLDS-218_rna_seq_SAMN06465146_GLbulkRNAseq_R1_raw.fastq.gz,False,Merged Sequence Data,,True,https://osdr.nasa.gov/geode-py/ws/studies/OSD-218/download?source=datamanager&file=GLDS-218_rna_seq_SAMN06465146_GLbulkRNAseq_R1_raw.fastq.gz
GeneLab Processed RNA-Seq Files,1787194667.421,1787194667.421,GLDS-218_rna_seq_SAMN06465144_GLbulkRNAseq_R2_raw.fastq.gz,1180384998,genelab,/geode-py/ws/studies/OSD-218/download?source=datamanager&file=GLDS-218_rna_seq_SAMN06465144_GLbulkRNAseq_R2_raw.fastq.gz,False,Merged Sequence Data,,True,https://osdr.nasa.gov/geode-py/ws/studies/OSD-218/download?source=datamanager&file=GLDS-218_rna_seq_SAMN06465144_GLbulkRNAseq_R2_raw.fastq.gz
GeneLab Processed RNA-Seq Files,1787194667.519,1787194667.519,GLDS-218_rna_seq_SAMN06465144_GLbulkRNAseq_R1_raw.fastq.gz,1152833326,genelab,/geode-py/ws/studies/OSD-218/download?source=datamanager&file=GLDS-218_rna_seq_SAMN06465144_GLbulkRNAseq_R1_raw.fastq.gz,False,Merged Sequence Data,,True,https://osdr.nasa.gov/geode-py/ws/studies/OSD-218/download?source=datamanager&file=GLDS-218_rna_seq_SAMN06465144_GLbulkRNAseq_R1_raw.fastq.gz
GeneLab Processed RNA-Seq Files,1787194667.618,1787194667.618,GLDS-218_rna_seq_SAMN06465142_GLbulkRNAseq_R2_raw.fastq.gz,1174407469,genelab,/geode-py/ws/studies/OSD-218/download?source=datamanager&file=GLDS-218_rna_seq_SAMN06465142_GLbulkRNAseq_R2_raw.fastq.gz,False,Merged Sequence Data,,True,https://osdr.nasa.gov/geode-py/ws/studies/OSD-218/download?source=datamanager&file=GLDS-218_rna_seq_SAMN06465142_GLbulkRNAseq_R2_raw.fastq.gz
GeneLab Processed RNA-Seq Files,1787194667.717,1787194667.717,GLDS-218_rna_seq_SAMN06465142_GLbulkRNAseq_R1_raw.fastq.gz,1146986756,genelab,/geode-py/ws/studies/OSD-218/download?source=datamanager&file=GLDS-218_rna_seq_SAMN06465142_GLbulkRNAseq_R1_raw.fastq.gz,False,Merged Sequence Data,,True,https://osdr.nasa.gov/geode-py/ws/studies/OSD-218/download?source=datamanager&file=GLDS-218_rna_seq_SAMN06465142_GLbulkRNAseq_R1_raw.fastq.gz
GeneLab Processed RNA-Seq Files,1787194667.816,1787194667.816,GLDS-218_rna_seq_differential_expression_rRNArm_GLbulkRNAseq.csv,126112132,genelab,/geode-py/ws/studies/OSD-218/download?source=datamanager&file=GLDS-218_rna_seq_differential_expression_rRNArm_GLbulkRNAseq.csv,False,Differential gene expression analysis,,True,https://osdr.nasa.gov/geode-py/ws/studies/OSD-218/download?source=datamanager&file=GLDS-218_rna_seq_differential_expression_rRNArm_GLbulkRNAseq.csv
GeneLab Processed RNA-Seq Files,1787194667.913,1787194667.913,GLDS-218_rna_seq_differential_expression_GLbulkRNAseq.csv,126194748,genelab,/geode-py/ws/studies/OSD-218/download?source=datamanager&file=GLDS-218_rna_seq_differential_expression_GLbulkRNAseq.csv,False,Differential gene expression analysis,,True,https://osdr.nasa.gov/geode-py/ws/studies/OSD-218/download?source=datamanager&file=GLDS-218_rna_seq_differential_expression_GLbulkRNAseq.csv
GeneLab Processed RNA-Seq Files,1787194668.012,1787194668.012,GLDS-218_rna_seq_contrasts_GLbulkRNAseq.csv,6955,genelab,/geode-py/ws/studies/OSD-218/download?source=datamanager&file=GLDS-218_rna_seq_contrasts_GLbulkRNAseq.csv,False,Differential gene expression analysis,,True,https://osdr.nasa.gov/geode-py/ws/studies/OSD-218/download?source=datamanager&file=GLDS-218_rna_seq_contrasts_GLbulkRNAseq.csv
GeneLab Processed RNA-Seq Files,1787194668.11,1787194668.11,GLDS-218_rna_seq_SampleTable_GLbulkRNAseq.csv,1471,genelab,/geode-py/ws/studies/OSD-218/download?source=datamanager&file=GLDS-218_rna_seq_SampleTable_GLbulkRNAseq.csv,False,Differential gene expression analysis,,True,https://osdr.nasa.gov/geode-py/ws/studies/OSD-218/download?source=datamanager&file=GLDS-218_rna_seq_SampleTable_GLbulkRNAseq.csv
GeneLab Processed RNA-Seq Files,1787194668.207,1787194668.207,GLDS-218_rna_seq_SAMN06465276_GLbulkRNAseq_R2_unmapped.fastq.gz,82075361,genelab,/geode-py/ws/studies/OSD-218/download?source=datamanager&file=GLDS-218_rna_seq_SAMN06465276_GLbulkRNAseq_R2_unmapped.fastq.gz,False,Aligned Sequence Data,Unmapped Reads,True,https://osdr.nasa.gov/geode-py/ws/studies/OSD-218/download?source=datamanager&file=GLDS-218_rna_seq_SAMN06465276_GLbulkRNAseq_R2_unmapped.fastq.gz
GeneLab Processed RNA-Seq Files,1787194668.306,1787194668.306,GLDS-218_rna_seq_SAMN06465276_GLbulkRNAseq_R1_unmapped.fastq.gz,76907317,genelab,/geode-py/ws/studies/OSD-218/download?source=datamanager&file=GLDS-218_rna_seq_SAMN06465276_GLbulkRNAseq_R1_unmapped.fastq.gz,False,Aligned Sequence Data,Unmapped Reads,True,https://osdr.nasa.gov/geode-py/ws/studies/OSD-218/download?source=datamanager&file=GLDS-218_rna_seq_SAMN06465276_GLbulkRNAseq_R1_unmapped.fastq.gz
GeneLab Processed RNA-Seq Files,1787194668.404,1787194668.404,GLDS-218_rna_seq_SAMN06465275_GLbulkRNAseq_R2_unmapped.fastq.gz,87205086,genelab,/geode-py/ws/studies/OSD-218/download?source=datamanager&file=GLDS-218_rna_seq_SAMN06465275_GLbulkRNAseq_R2_unmapped.fastq.gz,False,Aligned Sequence Data,Unmapped Reads,True,https://osdr.nasa.gov/geode-py/ws/studies/OSD-218/download?source=datamanager&file=GLDS-218_rna_seq_SAMN06465275_GLbulkRNAseq_R2_unmapped.fastq.gz
GeneLab Processed RNA-Seq Files,1787194668.502,1787194668.502,GLDS-218_rna_seq_SAMN06465275_GLbulkRNAseq_R1_unmapped.fastq.gz,79521598,genelab,/geode-py/ws/studies/OSD-218/download?source=datamanager&file=GLDS-218_rna_seq_SAMN06465275_GLbulkRNAseq_R1_unmapped.fastq.gz,False,Aligned Sequence Data,Unmapped Reads,True,https://osdr.nasa.gov/geode-py/ws/studies/OSD-218/download?source=datamanager&file=GLDS-218_rna_seq_SAMN06465275_GLbulkRNAseq_R1_unmapped.fastq.gz
GeneLab Processed RNA-Seq Files,1787194668.599,1787194668.599,GLDS-218_rna_seq_SAMN06465273_GLbulkRNAseq_R2_unmapped.fastq.gz,78540399,genelab,/geode-py/ws/studies/OSD-218/download?source=datamanager&file=GLDS-218_rna_seq_SAMN06465273_GLbulkRNAseq_R2_unmapped.fastq.gz,False,Aligned Sequence Data,Unmapped Reads,True,https://osdr.nasa.gov/geode-py/ws/studies/OSD-218/download?source=datamanager&file=GLDS-218_rna_seq_SAMN06465273_GLbulkRNAseq_R2_unmapped.fastq.gz
GeneLab Processed RNA-Seq Files,1787194668.702,1787194668.702,GLDS-218_rna_seq_SAMN06465273_GLbulkRNAseq_R1_unmapped.fastq.gz,73029067,genelab,/geode-py/ws/studies/OSD-218/download?source=datamanager&file=GLDS-218_rna_seq_SAMN06465273_GLbulkRNAseq_R1_unmapped.fastq.gz,False,Aligned Sequence Data,Unmapped Reads,True,https://osdr.nasa.gov/geode-py/ws/studies/OSD-218/download?source=datamanager&file=GLDS-218_rna_seq_SAMN06465273_GLbulkRNAseq_R1_unmapped.fastq.gz
GeneLab Processed RNA-Seq Files,1787194668.8,1787194668.8,GLDS-218_rna_seq_SAMN06465272_GLbulkRNAseq_R2_unmapped.fastq.gz,81523122,genelab,/geode-py/ws/studies/OSD-218/download?source=datamanager&file=GLDS-218_rna_seq_SAMN06465272_GLbulkRNAseq_R2_unmapped.fastq.gz,False,Aligned Sequence Data,Unmapped Reads,True,https://osdr.nasa.gov/geode-py/ws/studies/OSD-218/download?source=datamanager&file=GLDS-218_rna_seq_SAMN06465272_GLbulkRNAseq_R2_unmapped.fastq.gz
GeneLab Processed RNA-Seq Files,1787194668.901,1787194668.901,GLDS-218_rna_seq_SAMN06465272_GLbulkRNAseq_R1_unmapped.fastq.gz,74996173,genelab,/geode-py/ws/studies/OSD-218/download?source=datamanager&file=GLDS-218_rna_seq_SAMN06465272_GLbulkRNAseq_R1_unmapped.fastq.gz,False,Aligned Sequence Data,Unmapped Reads,True,https://osdr.nasa.gov/geode-py/ws/studies/OSD-218/download?source=datamanager&file=GLDS-218_rna_seq_SAMN06465272_GLbulkRNAseq_R1_unmapped.fastq.gz
GeneLab Processed RNA-Seq Files,1787194668.999,1787194668.999,GLDS-218_rna_seq_SAMN06465270_GLbulkRNAseq_R2_unmapped.fastq.gz,93726785,genelab,/geode-py/ws/studies/OSD-218/download?source=datamanager&file=GLDS-218_rna_seq_SAMN06465270_GLbulkRNAseq_R2_unmapped.fastq.gz,False,Aligned Sequence Data,Unmapped Reads,True,https://osdr.nasa.gov/geode-py/ws/studies/OSD-218/download?source=datamanager&file=GLDS-218_rna_seq_SAMN06465270_GLbulkRNAseq_R2_unmapped.fastq.gz
GeneLab Processed RNA-Seq Files,1787194669.097,1787194669.097,GLDS-218_rna_seq_SAMN06465270_GLbulkRNAseq_R1_unmapped.fastq.gz,85243658,genelab,/geode-py/ws/studies/OSD-218/download?source=datamanager&file=GLDS-218_rna_seq_SAMN06465270_GLbulkRNAseq_R1_unmapped.fastq.gz,False,Aligned Sequence Data,Unmapped Reads,True,https://osdr.nasa.gov/geode-py/ws/studies/OSD-218/download?source=datamanager&file=GLDS-218_rna_seq_SAMN06465270_GLbulkRNAseq_R1_unmapped.fastq.gz
GeneLab Processed RNA-Seq Files,1787194669.201,1787194669.201,GLDS-218_rna_seq_SAMN06465269_GLbulkRNAseq_R2_unmapped.fastq.gz,93771714,genelab,/geode-py/ws/studies/OSD-218/download?source=datamanager&file=GLDS-218_rna_seq_SAMN06465269_GLbulkRNAseq_R2_unmapped.fastq.gz,False,Aligned Sequence Data,Unmapped Reads,True,https://osdr.nasa.gov/geode-py/ws/studies/OSD-218/download?source=datamanager&file=GLDS-218_rna_seq_SAMN06465269_GLbulkRNAseq_R2_unmapped.fastq.gz
GeneLab Processed RNA-Seq Files,1787194669.301,1787194669.301,GLDS-218_rna_seq_SAMN06465269_GLbulkRNAseq_R1_unmapped.fastq.gz,85215801,genelab,/geode-py/ws/studies/OSD-218/download?source=datamanager&file=GLDS-218_rna_seq_SAMN06465269_GLbulkRNAseq_R1_unmapped.fastq.gz,False,Aligned Sequence Data,Unmapped Reads,True,https://osdr.nasa.gov/geode-py/ws/studies/OSD-218/download?source=datamanager&file=GLDS-218_rna_seq_SAMN06465269_GLbulkRNAseq_R1_unmapped.fastq.gz
GeneLab Processed RNA-Seq Files,1787194669.399,1787194669.399,GLDS-218_rna_seq_SAMN06465268_GLbulkRNAseq_R2_unmapped.fastq.gz,98192726,genelab,/geode-py/ws/studies/OSD-218/download?source=datamanager&file=GLDS-218_rna_seq_SAMN06465268_GLbulkRNAseq_R2_unmapped.fastq.gz,False,Aligned Sequence Data,Unmapped Reads,True,https://osdr.nasa.gov/geode-py/ws/studies/OSD-218/download?source=datamanager&file=GLDS-218_rna_seq_SAMN06465268_GLbulkRNAseq_R2_unmapped.fastq.gz
GeneLab Processed RNA-Seq Files,1787194669.497,1787194669.497,GLDS-218_rna_seq_SAMN06465268_GLbulkRNAseq_R1_unmapped.fastq.gz,91075004,genelab,/geode-py/ws/studies/OSD-218/download?source=datamanager&file=GLDS-218_rna_seq_SAMN06465268_GLbulkRNAseq_R1_unmapped.fastq.gz,False,Aligned Sequence Data,Unmapped Reads,True,https://osdr.nasa.gov/geode-py/ws/studies/OSD-218/download?source=datamanager&file=GLDS-218_rna_seq_SAMN06465268_GLbulkRNAseq_R1_unmapped.fastq.gz
GeneLab Processed RNA-Seq Files,1787194669.609,1787194669.609,GLDS-218_rna_seq_SAMN06465267_GLbulkRNAseq_R2_unmapped.fastq.gz,97273280,genelab,/geode-py/ws/studies/OSD-218/download?source=datamanager&file=GLDS-218_rna_seq_SAMN06465267_GLbulkRNAseq_R2_unmapped.fastq.gz,False,Aligned Sequence Data,Unmapped Reads,True,https://osdr.nasa.gov/geode-py/ws/studies/OSD-218/download?source=datamanager&file=GLDS-218_rna_seq_SAMN06465267_GLbulkRNAseq_R2_unmapped.fastq.gz
GeneLab Processed RNA-Seq Files,1787194669.727,1787194669.727,GLDS-218_rna_seq_SAMN06465267_GLbulkRNAseq_R1_unmapped.fastq.gz,88324613,genelab,/geode-py/ws/studies/OSD-218/download?source=datamanager&file=GLDS-218_rna_seq_SAMN06465267_GLbulkRNAseq_R1_unmapped.fastq.gz,False,Aligned Sequence Data,Unmapped Reads,True,https://osdr.nasa.gov/geode-py/ws/studies/OSD-218/download?source=datamanager&file=GLDS-218_rna_seq_SAMN06465267_GLbulkRNAseq_R1_unmapped.fastq.gz
GeneLab Processed RNA-Seq Files,1787194669.838,1787194669.838,GLDS-218_rna_seq_SAMN06465201_GLbulkRNAseq_R2_unmapped.fastq.gz,79134663,genelab,/geode-py/ws/studies/OSD-218/download?source=datamanager&file=GLDS-218_rna_seq_SAMN06465201_GLbulkRNAseq_R2_unmapped.fastq.gz,False,Aligned Sequence Data,Unmapped Reads,True,https://osdr.nasa.gov/geode-py/ws/studies/OSD-218/download?source=datamanager&file=GLDS-218_rna_seq_SAMN06465201_GLbulkRNAseq_R2_unmapped.fastq.gz
GeneLab Processed RNA-Seq Files,1787194669.939,1787194669.939,GLDS-218_rna_seq_SAMN06465201_GLbulkRNAseq_R1_unmapped.fastq.gz,71603478,genelab,/geode-py/ws/studies/OSD-218/download?source=datamanager&file=GLDS-218_rna_seq_SAMN06465201_GLbulkRNAseq_R1_unmapped.fastq.gz,False,Aligned Sequence Data,Unmapped Reads,True,https://osdr.nasa.gov/geode-py/ws/studies/OSD-218/download?source=datamanager&file=GLDS-218_rna_seq_SAMN06465201_GLbulkRNAseq_R1_unmapped.fastq.gz
GeneLab Processed RNA-Seq Files,1787194670.043,1787194670.043,GLDS-218_rna_seq_SAMN06465197_GLbulkRNAseq_R2_unmapped.fastq.gz,90629957,genelab,/geode-py/ws/studies/OSD-218/download?source=datamanager&file=GLDS-218_rna_seq_SAMN06465197_GLbulkRNAseq_R2_unmapped.fastq.gz,False,Aligned Sequence Data,Unmapped Reads,True,https://osdr.nasa.gov/geode-py/ws/studies/OSD-218/download?source=datamanager&file=GLDS-218_rna_seq_SAMN06465197_GLbulkRNAseq_R2_unmapped.fastq.gz
GeneLab Processed RNA-Seq Files,1787194670.143,1787194670.143,GLDS-218_rna_seq_SAMN06465197_GLbulkRNAseq_R1_unmapped.fastq.gz,80204425,genelab,/geode-py/ws/studies/OSD-218/download?source=datamanager&file=GLDS-218_rna_seq_SAMN06465197_GLbulkRNAseq_R1_unmapped.fastq.gz,False,Aligned Sequence Data,Unmapped Reads,True,https://osdr.nasa.gov/geode-py/ws/studies/OSD-218/download?source=datamanager&file=GLDS-218_rna_seq_SAMN06465197_GLbulkRNAseq_R1_unmapped.fastq.gz
GeneLab Processed RNA-Seq Files,1787194670.244,1787194670.244,GLDS-218_rna_seq_SAMN06465194_GLbulkRNAseq_R2_unmapped.fastq.gz,96279280,genelab,/geode-py/ws/studies/OSD-218/download?source=datamanager&file=GLDS-218_rna_seq_SAMN06465194_GLbulkRNAseq_R2_unmapped.fastq.gz,False,Aligned Sequence Data,Unmapped Reads,True,https://osdr.nasa.gov/geode-py/ws/studies/OSD-218/download?source=datamanager&file=GLDS-218_rna_seq_SAMN06465194_GLbulkRNAseq_R2_unmapped.fastq.gz
GeneLab Processed RNA-Seq Files,1787194670.345,1787194670.345,GLDS-218_rna_seq_SAMN06465194_GLbulkRNAseq_R1_unmapped.fastq.gz,83955578,genelab,/geode-py/ws/studies/OSD-218/download?source=datamanager&file=GLDS-218_rna_seq_SAMN06465194_GLbulkRNAseq_R1_unmapped.fastq.gz,False,Aligned Sequence Data,Unmapped Reads,True,https://osdr.nasa.gov/geode-py/ws/studies/OSD-218/download?source=datamanager&file=GLDS-218_rna_seq_SAMN06465194_GLbulkRNAseq_R1_unmapped.fastq.gz
GeneLab Processed RNA-Seq Files,1787194670.444,1787194670.444,GLDS-218_rna_seq_SAMN06465190_GLbulkRNAseq_R2_unmapped.fastq.gz,70664009,genelab,/geode-py/ws/studies/OSD-218/download?source=datamanager&file=GLDS-218_rna_seq_SAMN06465190_GLbulkRNAseq_R2_unmapped.fastq.gz,False,Aligned Sequence Data,Unmapped Reads,True,https://osdr.nasa.gov/geode-py/ws/studies/OSD-218/download?source=datamanager&file=GLDS-218_rna_seq_SAMN06465190_GLbulkRNAseq_R2_unmapped.fastq.gz
GeneLab Processed RNA-Seq Files,1787194670.545,1787194670.545,GLDS-218_rna_seq_SAMN06465190_GLbulkRNAseq_R1_unmapped.fastq.gz,63536066,genelab,/geode-py/ws/studies/OSD-218/download?source=datamanager&file=GLDS-218_rna_seq_SAMN06465190_GLbulkRNAseq_R1_unmapped.fastq.gz,False,Aligned Sequence Data,Unmapped Reads,True,https://osdr.nasa.gov/geode-py/ws/studies/OSD-218/download?source=datamanager&file=GLDS-218_rna_seq_SAMN06465190_GLbulkRNAseq_R1_unmapped.fastq.gz
GeneLab Processed RNA-Seq Files,1787194670.646,1787194670.646,GLDS-218_rna_seq_SAMN06465187_GLbulkRNAseq_R2_unmapped.fastq.gz,103410809,genelab,/geode-py/ws/studies/OSD-218/download?source=datamanager&file=GLDS-218_rna_seq_SAMN06465187_GLbulkRNAseq_R2_unmapped.fastq.gz,False,Aligned Sequence Data,Unmapped Reads,True,https://osdr.nasa.gov/geode-py/ws/studies/OSD-218/download?source=datamanager&file=GLDS-218_rna_seq_SAMN06465187_GLbulkRNAseq_R2_unmapped.fastq.gz
GeneLab Processed RNA-Seq Files,1787194670.744,1787194670.744,GLDS-218_rna_seq_SAMN06465187_GLbulkRNAseq_R1_unmapped.fastq.gz,92839661,genelab,/geode-py/ws/studies/OSD-218/download?source=datamanager&file=GLDS-218_rna_seq_SAMN06465187_GLbulkRNAseq_R1_unmapped.fastq.gz,False,Aligned Sequence Data,Unmapped Reads,True,https://osdr.nasa.gov/geode-py/ws/studies/OSD-218/download?source=datamanager&file=GLDS-218_rna_seq_SAMN06465187_GLbulkRNAseq_R1_unmapped.fastq.gz
GeneLab Processed RNA-Seq Files,1787194670.846,1787194670.846,GLDS-218_rna_seq_SAMN06465183_GLbulkRNAseq_R2_unmapped.fastq.gz,77870322,genelab,/geode-py/ws/studies/OSD-218/download?source=datamanager&file=GLDS-218_rna_seq_SAMN06465183_GLbulkRNAseq_R2_unmapped.fastq.gz,False,Aligned Sequence Data,Unmapped Reads,True,https://osdr.nasa.gov/geode-py/ws/studies/OSD-218/download?source=datamanager&file=GLDS-218_rna_seq_SAMN06465183_GLbulkRNAseq_R2_unmapped.fastq.gz
GeneLab Processed RNA-Seq Files,1787194670.946,1787194670.946,GLDS-218_rna_seq_SAMN06465183_GLbulkRNAseq_R1_unmapped.fastq.gz,70417688,genelab,/geode-py/ws/studies/OSD-218/download?source=datamanager&file=GLDS-218_rna_seq_SAMN06465183_GLbulkRNAseq_R1_unmapped.fastq.gz,False,Aligned Sequence Data,Unmapped Reads,True,https://osdr.nasa.gov/geode-py/ws/studies/OSD-218/download?source=datamanager&file=GLDS-218_rna_seq_SAMN06465183_GLbulkRNAseq_R1_unmapped.fastq.gz
GeneLab Processed RNA-Seq Files,1787194671.053,1787194671.053,GLDS-218_rna_seq_SAMN06465181_GLbulkRNAseq_R2_unmapped.fastq.gz,85586514,genelab,/geode-py/ws/studies/OSD-218/download?source=datamanager&file=GLDS-218_rna_seq_SAMN06465181_GLbulkRNAseq_R2_unmapped.fastq.gz,False,Aligned Sequence Data,Unmapped Reads,True,https://osdr.nasa.gov/geode-py/ws/studies/OSD-218/download?source=datamanager&file=GLDS-218_rna_seq_SAMN06465181_GLbulkRNAseq_R2_unmapped.fastq.gz
GeneLab Processed RNA-Seq Files,1787194671.161,1787194671.161,GLDS-218_rna_seq_SAMN06465181_GLbulkRNAseq_R1_unmapped.fastq.gz,75582789,genelab,/geode-py/ws/studies/OSD-218/download?source=datamanager&file=GLDS-218_rna_seq_SAMN06465181_GLbulkRNAseq_R1_unmapped.fastq.gz,False,Aligned Sequence Data,Unmapped Reads,True,https://osdr.nasa.gov/geode-py/ws/studies/OSD-218/download?source=datamanager&file=GLDS-218_rna_seq_SAMN06465181_GLbulkRNAseq_R1_unmapped.fastq.gz
GeneLab Processed RNA-Seq Files,1787194671.266,1787194671.266,GLDS-218_rna_seq_SAMN06465179_GLbulkRNAseq_R2_unmapped.fastq.gz,78572911,genelab,/geode-py/ws/studies/OSD-218/download?source=datamanager&file=GLDS-218_rna_seq_SAMN06465179_GLbulkRNAseq_R2_unmapped.fastq.gz,False,Aligned Sequence Data,Unmapped Reads,True,https://osdr.nasa.gov/geode-py/ws/studies/OSD-218/download?source=datamanager&file=GLDS-218_rna_seq_SAMN06465179_GLbulkRNAseq_R2_unmapped.fastq.gz
GeneLab Processed RNA-Seq Files,1787194671.374,1787194671.374,GLDS-218_rna_seq_SAMN06465179_GLbulkRNAseq_R1_unmapped.fastq.gz,70230157,genelab,/geode-py/ws/studies/OSD-218/download?source=datamanager&file=GLDS-218_rna_seq_SAMN06465179_GLbulkRNAseq_R1_unmapped.fastq.gz,False,Aligned Sequence Data,Unmapped Reads,True,https://osdr.nasa.gov/geode-py/ws/studies/OSD-218/download?source=datamanager&file=GLDS-218_rna_seq_SAMN06465179_GLbulkRNAseq_R1_unmapped.fastq.gz
GeneLab Processed RNA-Seq Files,1787194671.479,1787194671.479,GLDS-218_rna_seq_SAMN06465177_GLbulkRNAseq_R2_unmapped.fastq.gz,83003270,genelab,/geode-py/ws/studies/OSD-218/download?source=datamanager&file=GLDS-218_rna_seq_SAMN06465177_GLbulkRNAseq_R2_unmapped.fastq.gz,False,Aligned Sequence Data,Unmapped Reads,True,https://osdr.nasa.gov/geode-py/ws/studies/OSD-218/download?source=datamanager&file=GLDS-218_rna_seq_SAMN06465177_GLbulkRNAseq_R2_unmapped.fastq.gz
GeneLab Processed RNA-Seq Files,1787194671.596,1787194671.596,GLDS-218_rna_seq_SAMN06465177_GLbulkRNAseq_R1_unmapped.fastq.gz,74734448,genelab,/geode-py/ws/studies/OSD-218/download?source=datamanager&file=GLDS-218_rna_seq_SAMN06465177_GLbulkRNAseq_R1_unmapped.fastq.gz,False,Aligned Sequence Data,Unmapped Reads,True,https://osdr.nasa.gov/geode-py/ws/studies/OSD-218/download?source=datamanager&file=GLDS-218_rna_seq_SAMN06465177_GLbulkRNAseq_R1_unmapped.fastq.gz
GeneLab Processed RNA-Seq Files,1787194671.717,1787194671.717,GLDS-218_rna_seq_SAMN06465174_GLbulkRNAseq_R2_unmapped.fastq.gz,105890700,genelab,/geode-py/ws/studies/OSD-218/download?source=datamanager&file=GLDS-218_rna_seq_SAMN06465174_GLbulkRNAseq_R2_unmapped.fastq.gz,False,Aligned Sequence Data,Unmapped Reads,True,https://osdr.nasa.gov/geode-py/ws/studies/OSD-218/download?source=datamanager&file=GLDS-218_rna_seq_SAMN06465174_GLbulkRNAseq_R2_unmapped.fastq.gz
GeneLab Processed RNA-Seq Files,1787194671.82,1787194671.82,GLDS-218_rna_seq_SAMN06465174_GLbulkRNAseq_R1_unmapped.fastq.gz,92386494,genelab,/geode-py/ws/studies/OSD-218/download?source=datamanager&file=GLDS-218_rna_seq_SAMN06465174_GLbulkRNAseq_R1_unmapped.fastq.gz,False,Aligned Sequence Data,Unmapped Reads,True,https://osdr.nasa.gov/geode-py/ws/studies/OSD-218/download?source=datamanager&file=GLDS-218_rna_seq_SAMN06465174_GLbulkRNAseq_R1_unmapped.fastq.gz
GeneLab Processed RNA-Seq Files,1787194671.92,1787194671.92,GLDS-218_rna_seq_SAMN06465172_GLbulkRNAseq_R2_unmapped.fastq.gz,85823348,genelab,/geode-py/ws/studies/OSD-218/download?source=datamanager&file=GLDS-218_rna_seq_SAMN06465172_GLbulkRNAseq_R2_unmapped.fastq.gz,False,Aligned Sequence Data,Unmapped Reads,True,https://osdr.nasa.gov/geode-py/ws/studies/OSD-218/download?source=datamanager&file=GLDS-218_rna_seq_SAMN06465172_GLbulkRNAseq_R2_unmapped.fastq.gz
GeneLab Processed RNA-Seq Files,1787194672.02,1787194672.02,GLDS-218_rna_seq_SAMN06465172_GLbulkRNAseq_R1_unmapped.fastq.gz,76332392,genelab,/geode-py/ws/studies/OSD-218/download?source=datamanager&file=GLDS-218_rna_seq_SAMN06465172_GLbulkRNAseq_R1_unmapped.fastq.gz,False,Aligned Sequence Data,Unmapped Reads,True,https://osdr.nasa.gov/geode-py/ws/studies/OSD-218/download?source=datamanager&file=GLDS-218_rna_seq_SAMN06465172_GLbulkRNAseq_R1_unmapped.fastq.gz
GeneLab Processed RNA-Seq Files,1787194672.121,1787194672.121,GLDS-218_rna_seq_SAMN06465170_GLbulkRNAseq_R2_unmapped.fastq.gz,92825399,genelab,/geode-py/ws/studies/OSD-218/download?source=datamanager&file=GLDS-218_rna_seq_SAMN06465170_GLbulkRNAseq_R2_unmapped.fastq.gz,False,Aligned Sequence Data,Unmapped Reads,True,https://osdr.nasa.gov/geode-py/ws/studies/OSD-218/download?source=datamanager&file=GLDS-218_rna_seq_SAMN06465170_GLbulkRNAseq_R2_unmapped.fastq.gz
GeneLab Processed RNA-Seq Files,1787194672.222,1787194672.222,GLDS-218_rna_seq_SAMN06465170_GLbulkRNAseq_R1_unmapped.fastq.gz,83581550,genelab,/geode-py/ws/studies/OSD-218/download?source=datamanager&file=GLDS-218_rna_seq_SAMN06465170_GLbulkRNAseq_R1_unmapped.fastq.gz,False,Aligned Sequence Data,Unmapped Reads,True,https://osdr.nasa.gov/geode-py/ws/studies/OSD-218/download?source=datamanager&file=GLDS-218_rna_seq_SAMN06465170_GLbulkRNAseq_R1_unmapped.fastq.gz
GeneLab Processed RNA-Seq Files,1787194672.323,1787194672.323,GLDS-218_rna_seq_SAMN06465168_GLbulkRNAseq_R2_unmapped.fastq.gz,99838193,genelab,/geode-py/ws/studies/OSD-218/download?source=datamanager&file=GLDS-218_rna_seq_SAMN06465168_GLbulkRNAseq_R2_unmapped.fastq.gz,False,Aligned Sequence Data,Unmapped Reads,True,https://osdr.nasa.gov/geode-py/ws/studies/OSD-218/download?source=datamanager&file=GLDS-218_rna_seq_SAMN06465168_GLbulkRNAseq_R2_unmapped.fastq.gz
GeneLab Processed RNA-Seq Files,1787194672.423,1787194672.423,GLDS-218_rna_seq_SAMN06465168_GLbulkRNAseq_R1_unmapped.fastq.gz,90608579,genelab,/geode-py/ws/studies/OSD-218/download?source=datamanager&file=GLDS-218_rna_seq_SAMN06465168_GLbulkRNAseq_R1_unmapped.fastq.gz,False,Aligned Sequence Data,Unmapped Reads,True,https://osdr.nasa.gov/geode-py/ws/studies/OSD-218/download?source=datamanager&file=GLDS-218_rna_seq_SAMN06465168_GLbulkRNAseq_R1_unmapped.fastq.gz
GeneLab Processed RNA-Seq Files,1787194672.521,1787194672.521,GLDS-218_rna_seq_SAMN06465165_GLbulkRNAseq_R2_unmapped.fastq.gz,114628484,genelab,/geode-py/ws/studies/OSD-218/download?source=datamanager&file=GLDS-218_rna_seq_SAMN06465165_GLbulkRNAseq_R2_unmapped.fastq.gz,False,Aligned Sequence Data,Unmapped Reads,True,https://osdr.nasa.gov/geode-py/ws/studies/OSD-218/download?source=datamanager&file=GLDS-218_rna_seq_SAMN06465165_GLbulkRNAseq_R2_unmapped.fastq.gz
GeneLab Processed RNA-Seq Files,1787194672.62,1787194672.62,GLDS-218_rna_seq_SAMN06465165_GLbulkRNAseq_R1_unmapped.fastq.gz,100926454,genelab,/geode-py/ws/studies/OSD-218/download?source=datamanager&file=GLDS-218_rna_seq_SAMN06465165_GLbulkRNAseq_R1_unmapped.fastq.gz,False,Aligned Sequence Data,Unmapped Reads,True,https://osdr.nasa.gov/geode-py/ws/studies/OSD-218/download?source=datamanager&file=GLDS-218_rna_seq_SAMN06465165_GLbulkRNAseq_R1_unmapped.fastq.gz
GeneLab Processed RNA-Seq Files,1787194672.718,1787194672.718,GLDS-218_rna_seq_SAMN06465163_GLbulkRNAseq_R2_unmapped.fastq.gz,114772244,genelab,/geode-py/ws/studies/OSD-218/download?source=datamanager&file=GLDS-218_rna_seq_SAMN06465163_GLbulkRNAseq_R2_unmapped.fastq.gz,False,Aligned Sequence Data,Unmapped Reads,True,https://osdr.nasa.gov/geode-py/ws/studies/OSD-218/download?source=datamanager&file=GLDS-218_rna_seq_SAMN06465163_GLbulkRNAseq_R2_unmapped.fastq.gz
GeneLab Processed RNA-Seq Files,1787194672.819,1787194672.819,GLDS-218_rna_seq_SAMN06465163_GLbulkRNAseq_R1_unmapped.fastq.gz,102186131,genelab,/geode-py/ws/studies/OSD-218/download?source=datamanager&file=GLDS-218_rna_seq_SAMN06465163_GLbulkRNAseq_R1_unmapped.fastq.gz,False,Aligned Sequence Data,Unmapped Reads,True,https://osdr.nasa.gov/geode-py/ws/studies/OSD-218/download?source=datamanager&file=GLDS-218_rna_seq_SAMN06465163_GLbulkRNAseq_R1_unmapped.fastq.gz
GeneLab Processed RNA-Seq Files,1787194672.922,1787194672.922,GLDS-218_rna_seq_SAMN06465160_GLbulkRNAseq_R2_unmapped.fastq.gz,111889373,genelab,/geode-py/ws/studies/OSD-218/download?source=datamanager&file=GLDS-218_rna_seq_SAMN06465160_GLbulkRNAseq_R2_unmapped.fastq.gz,False,Aligned Sequence Data,Unmapped Reads,True,https://osdr.nasa.gov/geode-py/ws/studies/OSD-218/download?source=datamanager&file=GLDS-218_rna_seq_SAMN06465160_GLbulkRNAseq_R2_unmapped.fastq.gz
GeneLab Processed RNA-Seq Files,1787194673.038,1787194673.038,GLDS-218_rna_seq_SAMN06465160_GLbulkRNAseq_R1_unmapped.fastq.gz,98692006,genelab,/geode-py/ws/studies/OSD-218/download?source=datamanager&file=GLDS-218_rna_seq_SAMN06465160_GLbulkRNAseq_R1_unmapped.fastq.gz,False,Aligned Sequence Data,Unmapped Reads,True,https://osdr.nasa.gov/geode-py/ws/studies/OSD-218/download?source=datamanager&file=GLDS-218_rna_seq_SAMN06465160_GLbulkRNAseq_R1_unmapped.fastq.gz
GeneLab Processed RNA-Seq Files,1787194673.149,1787194673.149,GLDS-218_rna_seq_SAMN06465157_GLbulkRNAseq_R2_unmapped.fastq.gz,74635254,genelab,/geode-py/ws/studies/OSD-218/download?source=datamanager&file=GLDS-218_rna_seq_SAMN06465157_GLbulkRNAseq_R2_unmapped.fastq.gz,False,Aligned Sequence Data,Unmapped Reads,True,https://osdr.nasa.gov/geode-py/ws/studies/OSD-218/download?source=datamanager&file=GLDS-218_rna_seq_SAMN06465157_GLbulkRNAseq_R2_unmapped.fastq.gz
GeneLab Processed RNA-Seq Files,1787194673.263,1787194673.263,GLDS-218_rna_seq_SAMN06465157_GLbulkRNAseq_R1_unmapped.fastq.gz,67250118,genelab,/geode-py/ws/studies/OSD-218/download?source=datamanager&file=GLDS-218_rna_seq_SAMN06465157_GLbulkRNAseq_R1_unmapped.fastq.gz,False,Aligned Sequence Data,Unmapped Reads,True,https://osdr.nasa.gov/geode-py/ws/studies/OSD-218/download?source=datamanager&file=GLDS-218_rna_seq_SAMN06465157_GLbulkRNAseq_R1_unmapped.fastq.gz
GeneLab Processed RNA-Seq Files,1787194673.378,1787194673.378,GLDS-218_rna_seq_SAMN06465155_GLbulkRNAseq_R2_unmapped.fastq.gz,82395871,genelab,/geode-py/ws/studies/OSD-218/download?source=datamanager&file=GLDS-218_rna_seq_SAMN06465155_GLbulkRNAseq_R2_unmapped.fastq.gz,False,Aligned Sequence Data,Unmapped Reads,True,https://osdr.nasa.gov/geode-py/ws/studies/OSD-218/download?source=datamanager&file=GLDS-218_rna_seq_SAMN06465155_GLbulkRNAseq_R2_unmapped.fastq.gz
GeneLab Processed RNA-Seq Files,1787194673.479,1787194673.479,GLDS-218_rna_seq_SAMN06465155_GLbulkRNAseq_R1_unmapped.fastq.gz,75118521,genelab,/geode-py/ws/studies/OSD-218/download?source=datamanager&file=GLDS-218_rna_seq_SAMN06465155_GLbulkRNAseq_R1_unmapped.fastq.gz,False,Aligned Sequence Data,Unmapped Reads,True,https://osdr.nasa.gov/geode-py/ws/studies/OSD-218/download?source=datamanager&file=GLDS-218_rna_seq_SAMN06465155_GLbulkRNAseq_R1_unmapped.fastq.gz
GeneLab Processed RNA-Seq Files,1787194673.583,1787194673.583,GLDS-218_rna_seq_SAMN06465152_GLbulkRNAseq_R2_unmapped.fastq.gz,106382731,genelab,/geode-py/ws/studies/OSD-218/download?source=datamanager&file=GLDS-218_rna_seq_SAMN06465152_GLbulkRNAseq_R2_unmapped.fastq.gz,False,Aligned Sequence Data,Unmapped Reads,True,https://osdr.nasa.gov/geode-py/ws/studies/OSD-218/download?source=datamanager&file=GLDS-218_rna_seq_SAMN06465152_GLbulkRNAseq_R2_unmapped.fastq.gz
GeneLab Processed RNA-Seq Files,1787194673.686,1787194673.686,GLDS-218_rna_seq_SAMN06465152_GLbulkRNAseq_R1_unmapped.fastq.gz,97723370,genelab,/geode-py/ws/studies/OSD-218/download?source=datamanager&file=GLDS-218_rna_seq_SAMN06465152_GLbulkRNAseq_R1_unmapped.fastq.gz,False,Aligned Sequence Data,Unmapped Reads,True,https://osdr.nasa.gov/geode-py/ws/studies/OSD-218/download?source=datamanager&file=GLDS-218_rna_seq_SAMN06465152_GLbulkRNAseq_R1_unmapped.fastq.gz
GeneLab Processed RNA-Seq Files,1787194673.789,1787194673.789,GLDS-218_rna_seq_SAMN06465150_GLbulkRNAseq_R2_unmapped.fastq.gz,90807870,genelab,/geode-py/ws/studies/OSD-218/download?source=datamanager&file=GLDS-218_rna_seq_SAMN06465150_GLbulkRNAseq_R2_unmapped.fastq.gz,False,Aligned Sequence Data,Unmapped Reads,True,https://osdr.nasa.gov/geode-py/ws/studies/OSD-218/download?source=datamanager&file=GLDS-218_rna_seq_SAMN06465150_GLbulkRNAseq_R2_unmapped.fastq.gz
GeneLab Processed RNA-Seq Files,1787194673.888,1787194673.888,GLDS-218_rna_seq_SAMN06465150_GLbulkRNAseq_R1_unmapped.fastq.gz,81978374,genelab,/geode-py/ws/studies/OSD-218/download?source=datamanager&file=GLDS-218_rna_seq_SAMN06465150_GLbulkRNAseq_R1_unmapped.fastq.gz,False,Aligned Sequence Data,Unmapped Reads,True,https://osdr.nasa.gov/geode-py/ws/studies/OSD-218/download?source=datamanager&file=GLDS-218_rna_seq_SAMN06465150_GLbulkRNAseq_R1_unmapped.fastq.gz
GeneLab Processed RNA-Seq Files,1787194673.988,1787194673.988,GLDS-218_rna_seq_SAMN06465148_GLbulkRNAseq_R2_unmapped.fastq.gz,87368971,genelab,/geode-py/ws/studies/OSD-218/download?source=datamanager&file=GLDS-218_rna_seq_SAMN06465148_GLbulkRNAseq_R2_unmapped.fastq.gz,False,Aligned Sequence Data,Unmapped Reads,True,https://osdr.nasa.gov/geode-py/ws/studies/OSD-218/download?source=datamanager&file=GLDS-218_rna_seq_SAMN06465148_GLbulkRNAseq_R2_unmapped.fastq.gz
GeneLab Processed RNA-Seq Files,1787194674.091,1787194674.091,GLDS-218_rna_seq_SAMN06465148_GLbulkRNAseq_R1_unmapped.fastq.gz,78951704,genelab,/geode-py/ws/studies/OSD-218/download?source=datamanager&file=GLDS-218_rna_seq_SAMN06465148_GLbulkRNAseq_R1_unmapped.fastq.gz,False,Aligned Sequence Data,Unmapped Reads,True,https://osdr.nasa.gov/geode-py/ws/studies/OSD-218/download?source=datamanager&file=GLDS-218_rna_seq_SAMN06465148_GLbulkRNAseq_R1_unmapped.fastq.gz
GeneLab Processed RNA-Seq Files,1787194674.189,1787194674.189,GLDS-218_rna_seq_SAMN06465146_GLbulkRNAseq_R2_unmapped.fastq.gz,97178452,genelab,/geode-py/ws/studies/OSD-218/download?source=datamanager&file=GLDS-218_rna_seq_SAMN06465146_GLbulkRNAseq_R2_unmapped.fastq.gz,False,Aligned Sequence Data,Unmapped Reads,True,https://osdr.nasa.gov/geode-py/ws/studies/OSD-218/download?source=datamanager&file=GLDS-218_rna_seq_SAMN06465146_GLbulkRNAseq_R2_unmapped.fastq.gz
GeneLab Processed RNA-Seq Files,1787194674.342,1787194674.342,GLDS-218_rna_seq_SAMN06465146_GLbulkRNAseq_R1_unmapped.fastq.gz,87885203,genelab,/geode-py/ws/studies/OSD-218/download?source=datamanager&file=GLDS-218_rna_seq_SAMN06465146_GLbulkRNAseq_R1_unmapped.fastq.gz,False,Aligned Sequence Data,Unmapped Reads,True,https://osdr.nasa.gov/geode-py/ws/studies/OSD-218/download?source=datamanager&file=GLDS-218_rna_seq_SAMN06465146_GLbulkRNAseq_R1_unmapped.fastq.gz
GeneLab Processed RNA-Seq Files,1787194674.446,1787194674.446,GLDS-218_rna_seq_SAMN06465144_GLbulkRNAseq_R2_unmapped.fastq.gz,79642537,genelab,/geode-py/ws/studies/OSD-218/download?source=datamanager&file=GLDS-218_rna_seq_SAMN06465144_GLbulkRNAseq_R2_unmapped.fastq.gz,False,Aligned Sequence Data,Unmapped Reads,True,https://osdr.nasa.gov/geode-py/ws/studies/OSD-218/download?source=datamanager&file=GLDS-218_rna_seq_SAMN06465144_GLbulkRNAseq_R2_unmapped.fastq.gz
GeneLab Processed RNA-Seq Files,1787194674.556,1787194674.556,GLDS-218_rna_seq_SAMN06465144_GLbulkRNAseq_R1_unmapped.fastq.gz,72595729,genelab,/geode-py/ws/studies/OSD-218/download?source=datamanager&file=GLDS-218_rna_seq_SAMN06465144_GLbulkRNAseq_R1_unmapped.fastq.gz,False,Aligned Sequence Data,Unmapped Reads,True,https://osdr.nasa.gov/geode-py/ws/studies/OSD-218/download?source=datamanager&file=GLDS-218_rna_seq_SAMN06465144_GLbulkRNAseq_R1_unmapped.fastq.gz
GeneLab Processed RNA-Seq Files,1787194674.666,1787194674.666,GLDS-218_rna_seq_SAMN06465142_GLbulkRNAseq_R2_unmapped.fastq.gz,83140592,genelab,/geode-py/ws/studies/OSD-218/download?source=datamanager&file=GLDS-218_rna_seq_SAMN06465142_GLbulkRNAseq_R2_unmapped.fastq.gz,False,Aligned Sequence Data,Unmapped Reads,True,https://osdr.nasa.gov/geode-py/ws/studies/OSD-218/download?source=datamanager&file=GLDS-218_rna_seq_SAMN06465142_GLbulkRNAseq_R2_unmapped.fastq.gz
GeneLab Processed RNA-Seq Files,1787194674.775,1787194674.775,GLDS-218_rna_seq_SAMN06465142_GLbulkRNAseq_R1_unmapped.fastq.gz,76255372,genelab,/geode-py/ws/studies/OSD-218/download?source=datamanager&file=GLDS-218_rna_seq_SAMN06465142_GLbulkRNAseq_R1_unmapped.fastq.gz,False,Aligned Sequence Data,Unmapped Reads,True,https://osdr.nasa.gov/geode-py/ws/studies/OSD-218/download?source=datamanager&file=GLDS-218_rna_seq_SAMN06465142_GLbulkRNAseq_R1_unmapped.fastq.gz
GeneLab Processed RNA-Seq Files,1787194674.967,1787194674.967,GLDS-218_rna_seq_align_multiqc_GLbulkRNAseq_data.zip,46991,genelab,/geode-py/ws/studies/OSD-218/download?source=datamanager&file=GLDS-218_rna_seq_align_multiqc_GLbulkRNAseq_data.zip,False,Aligned Sequence Data,MultiQC Reports,True,https://osdr.nasa.gov/geode-py/ws/studies/OSD-218/download?source=datamanager&file=GLDS-218_rna_seq_align_multiqc_GLbulkRNAseq_data.zip
GeneLab Processed RNA-Seq Files,1787194675.084,1787194675.084,GLDS-218_rna_seq_align_multiqc_GLbulkRNAseq.html,4877572,genelab,/geode-py/ws/studies/OSD-218/download?source=datamanager&file=GLDS-218_rna_seq_align_multiqc_GLbulkRNAseq.html,False,Aligned Sequence Data,MultiQC Reports,True,https://osdr.nasa.gov/geode-py/ws/studies/OSD-218/download?source=datamanager&file=GLDS-218_rna_seq_align_multiqc_GLbulkRNAseq.html
GeneLab Processed RNA-Seq Files,1787194675.195,1787194675.195,GLDS-218_rna_seq_SAMN06465276_GLbulkRNAseq_Log.final.out,2027,genelab,/geode-py/ws/studies/OSD-218/download?source=datamanager&file=GLDS-218_rna_seq_SAMN06465276_GLbulkRNAseq_Log.final.out,False,Aligned Sequence Data,Alignment Logs,True,https://osdr.nasa.gov/geode-py/ws/studies/OSD-218/download?source=datamanager&file=GLDS-218_rna_seq_SAMN06465276_GLbulkRNAseq_Log.final.out
GeneLab Processed RNA-Seq Files,1787194675.406,1787194675.406,GLDS-218_rna_seq_SAMN06465275_GLbulkRNAseq_Log.final.out,2027,genelab,/geode-py/ws/studies/OSD-218/download?source=datamanager&file=GLDS-218_rna_seq_SAMN06465275_GLbulkRNAseq_Log.final.out,False,Aligned Sequence Data,Alignment Logs,True,https://osdr.nasa.gov/geode-py/ws/studies/OSD-218/download?source=datamanager&file=GLDS-218_rna_seq_SAMN06465275_GLbulkRNAseq_Log.final.out
GeneLab Processed RNA-Seq Files,1787194675.518,1787194675.518,GLDS-218_rna_seq_SAMN06465273_GLbulkRNAseq_Log.final.out,2028,genelab,/geode-py/ws/studies/OSD-218/download?source=datamanager&file=GLDS-218_rna_seq_SAMN06465273_GLbulkRNAseq_Log.final.out,False,Aligned Sequence Data,Alignment Logs,True,https://osdr.nasa.gov/geode-py/ws/studies/OSD-218/download?source=datamanager&file=GLDS-218_rna_seq_SAMN06465273_GLbulkRNAseq_Log.final.out
GeneLab Processed RNA-Seq Files,1787194675.627,1787194675.627,GLDS-218_rna_seq_SAMN06465272_GLbulkRNAseq_Log.final.out,2028,genelab,/geode-py/ws/studies/OSD-218/download?source=datamanager&file=GLDS-218_rna_seq_SAMN06465272_GLbulkRNAseq_Log.final.out,False,Aligned Sequence Data,Alignment Logs,True,https://osdr.nasa.gov/geode-py/ws/studies/OSD-218/download?source=datamanager&file=GLDS-218_rna_seq_SAMN06465272_GLbulkRNAseq_Log.final.out
GeneLab Processed RNA-Seq Files,1787194675.743,1787194675.743,GLDS-218_rna_seq_SAMN06465270_GLbulkRNAseq_Log.final.out,2028,genelab,/geode-py/ws/studies/OSD-218/download?source=datamanager&file=GLDS-218_rna_seq_SAMN06465270_GLbulkRNAseq_Log.final.out,False,Aligned Sequence Data,Alignment Logs,True,https://osdr.nasa.gov/geode-py/ws/studies/OSD-218/download?source=datamanager&file=GLDS-218_rna_seq_SAMN06465270_GLbulkRNAseq_Log.final.out
GeneLab Processed RNA-Seq Files,1787194675.84,1787194675.84,GLDS-218_rna_seq_SAMN06465269_GLbulkRNAseq_Log.final.out,2030,genelab,/geode-py/ws/studies/OSD-218/download?source=datamanager&file=GLDS-218_rna_seq_SAMN06465269_GLbulkRNAseq_Log.final.out,False,Aligned Sequence Data,Alignment Logs,True,https://osdr.nasa.gov/geode-py/ws/studies/OSD-218/download?source=datamanager&file=GLDS-218_rna_seq_SAMN06465269_GLbulkRNAseq_Log.final.out
GeneLab Processed RNA-Seq Files,1787194675.935,1787194675.935,GLDS-218_rna_seq_SAMN06465268_GLbulkRNAseq_Log.final.out,2028,genelab,/geode-py/ws/studies/OSD-218/download?source=datamanager&file=GLDS-218_rna_seq_SAMN06465268_GLbulkRNAseq_Log.final.out,False,Aligned Sequence Data,Alignment Logs,True,https://osdr.nasa.gov/geode-py/ws/studies/OSD-218/download?source=datamanager&file=GLDS-218_rna_seq_SAMN06465268_GLbulkRNAseq_Log.final.out
GeneLab Processed RNA-Seq Files,1787194676.109,1787194676.109,GLDS-218_rna_seq_SAMN06465267_GLbulkRNAseq_Log.final.out,2028,genelab,/geode-py/ws/studies/OSD-218/download?source=datamanager&file=GLDS-218_rna_seq_SAMN06465267_GLbulkRNAseq_Log.final.out,False,Aligned Sequence Data,Alignment Logs,True,https://osdr.nasa.gov/geode-py/ws/studies/OSD-218/download?source=datamanager&file=GLDS-218_rna_seq_SAMN06465267_GLbulkRNAseq_Log.final.out
GeneLab Processed RNA-Seq Files,1787194676.212,1787194676.212,GLDS-218_rna_seq_SAMN06465201_GLbulkRNAseq_Log.final.out,2026,genelab,/geode-py/ws/studies/OSD-218/download?source=datamanager&file=GLDS-218_rna_seq_SAMN06465201_GLbulkRNAseq_Log.final.out,False,Aligned Sequence Data,Alignment Logs,True,https://osdr.nasa.gov/geode-py/ws/studies/OSD-218/download?source=datamanager&file=GLDS-218_rna_seq_SAMN06465201_GLbulkRNAseq_Log.final.out
GeneLab Processed RNA-Seq Files,1787194676.31,1787194676.31,GLDS-218_rna_seq_SAMN06465197_GLbulkRNAseq_Log.final.out,2027,genelab,/geode-py/ws/studies/OSD-218/download?source=datamanager&file=GLDS-218_rna_seq_SAMN06465197_GLbulkRNAseq_Log.final.out,False,Aligned Sequence Data,Alignment Logs,True,https://osdr.nasa.gov/geode-py/ws/studies/OSD-218/download?source=datamanager&file=GLDS-218_rna_seq_SAMN06465197_GLbulkRNAseq_Log.final.out
GeneLab Processed RNA-Seq Files,1787194676.415,1787194676.415,GLDS-218_rna_seq_SAMN06465194_GLbulkRNAseq_Log.final.out,2026,genelab,/geode-py/ws/studies/OSD-218/download?source=datamanager&file=GLDS-218_rna_seq_SAMN06465194_GLbulkRNAseq_Log.final.out,False,Aligned Sequence Data,Alignment Logs,True,https://osdr.nasa.gov/geode-py/ws/studies/OSD-218/download?source=datamanager&file=GLDS-218_rna_seq_SAMN06465194_GLbulkRNAseq_Log.final.out
GeneLab Processed RNA-Seq Files,1787194676.515,1787194676.515,GLDS-218_rna_seq_SAMN06465190_GLbulkRNAseq_Log.final.out,2027,genelab,/geode-py/ws/studies/OSD-218/download?source=datamanager&file=GLDS-218_rna_seq_SAMN06465190_GLbulkRNAseq_Log.final.out,False,Aligned Sequence Data,Alignment Logs,True,https://osdr.nasa.gov/geode-py/ws/studies/OSD-218/download?source=datamanager&file=GLDS-218_rna_seq_SAMN06465190_GLbulkRNAseq_Log.final.out
GeneLab Processed RNA-Seq Files,1787194676.614,1787194676.614,GLDS-218_rna_seq_SAMN06465187_GLbulkRNAseq_Log.final.out,2027,genelab,/geode-py/ws/studies/OSD-218/download?source=datamanager&file=GLDS-218_rna_seq_SAMN06465187_GLbulkRNAseq_Log.final.out,False,Aligned Sequence Data,Alignment Logs,True,https://osdr.nasa.gov/geode-py/ws/studies/OSD-218/download?source=datamanager&file=GLDS-218_rna_seq_SAMN06465187_GLbulkRNAseq_Log.final.out
GeneLab Processed RNA-Seq Files,1787194676.713,1787194676.713,GLDS-218_rna_seq_SAMN06465183_GLbulkRNAseq_Log.final.out,2026,genelab,/geode-py/ws/studies/OSD-218/download?source=datamanager&file=GLDS-218_rna_seq_SAMN06465183_GLbulkRNAseq_Log.final.out,False,Aligned Sequence Data,Alignment Logs,True,https://osdr.nasa.gov/geode-py/ws/studies/OSD-218/download?source=datamanager&file=GLDS-218_rna_seq_SAMN06465183_GLbulkRNAseq_Log.final.out
GeneLab Processed RNA-Seq Files,1787194676.814,1787194676.814,GLDS-218_rna_seq_SAMN06465181_GLbulkRNAseq_Log.final.out,2026,genelab,/geode-py/ws/studies/OSD-218/download?source=datamanager&file=GLDS-218_rna_seq_SAMN06465181_GLbulkRNAseq_Log.final.out,False,Aligned Sequence Data,Alignment Logs,True,https://osdr.nasa.gov/geode-py/ws/studies/OSD-218/download?source=datamanager&file=GLDS-218_rna_seq_SAMN06465181_GLbulkRNAseq_Log.final.out
GeneLab Processed RNA-Seq Files,1787194676.914,1787194676.914,GLDS-218_rna_seq_SAMN06465179_GLbulkRNAseq_Log.final.out,2028,genelab,/geode-py/ws/studies/OSD-218/download?source=datamanager&file=GLDS-218_rna_seq_SAMN06465179_GLbulkRNAseq_Log.final.out,False,Aligned Sequence Data,Alignment Logs,True,https://osdr.nasa.gov/geode-py/ws/studies/OSD-218/download?source=datamanager&file=GLDS-218_rna_seq_SAMN06465179_GLbulkRNAseq_Log.final.out
GeneLab Processed RNA-Seq Files,1787194677.016,1787194677.016,GLDS-218_rna_seq_SAMN06465177_GLbulkRNAseq_Log.final.out,2029,genelab,/geode-py/ws/studies/OSD-218/download?source=datamanager&file=GLDS-218_rna_seq_SAMN06465177_GLbulkRNAseq_Log.final.out,False,Aligned Sequence Data,Alignment Logs,True,https://osdr.nasa.gov/geode-py/ws/studies/OSD-218/download?source=datamanager&file=GLDS-218_rna_seq_SAMN06465177_GLbulkRNAseq_Log.final.out
GeneLab Processed RNA-Seq Files,1787194677.118,1787194677.118,GLDS-218_rna_seq_SAMN06465174_GLbulkRNAseq_Log.final.out,2027,genelab,/geode-py/ws/studies/OSD-218/download?source=datamanager&file=GLDS-218_rna_seq_SAMN06465174_GLbulkRNAseq_Log.final.out,False,Aligned Sequence Data,Alignment Logs,True,https://osdr.nasa.gov/geode-py/ws/studies/OSD-218/download?source=datamanager&file=GLDS-218_rna_seq_SAMN06465174_GLbulkRNAseq_Log.final.out
GeneLab Processed RNA-Seq Files,1787194677.217,1787194677.217,GLDS-218_rna_seq_SAMN06465172_GLbulkRNAseq_Log.final.out,2028,genelab,/geode-py/ws/studies/OSD-218/download?source=datamanager&file=GLDS-218_rna_seq_SAMN06465172_GLbulkRNAseq_Log.final.out,False,Aligned Sequence Data,Alignment Logs,True,https://osdr.nasa.gov/geode-py/ws/studies/OSD-218/download?source=datamanager&file=GLDS-218_rna_seq_SAMN06465172_GLbulkRNAseq_Log.final.out
GeneLab Processed RNA-Seq Files,1787194677.314,1787194677.314,GLDS-218_rna_seq_SAMN06465170_GLbulkRNAseq_Log.final.out,2028,genelab,/geode-py/ws/studies/OSD-218/download?source=datamanager&file=GLDS-218_rna_seq_SAMN06465170_GLbulkRNAseq_Log.final.out,False,Aligned Sequence Data,Alignment Logs,True,https://osdr.nasa.gov/geode-py/ws/studies/OSD-218/download?source=datamanager&file=GLDS-218_rna_seq_SAMN06465170_GLbulkRNAseq_Log.final.out
GeneLab Processed RNA-Seq Files,1787194677.412,1787194677.412,GLDS-218_rna_seq_SAMN06465168_GLbulkRNAseq_Log.final.out,2028,genelab,/geode-py/ws/studies/OSD-218/download?source=datamanager&file=GLDS-218_rna_seq_SAMN06465168_GLbulkRNAseq_Log.final.out,False,Aligned Sequence Data,Alignment Logs,True,https://osdr.nasa.gov/geode-py/ws/studies/OSD-218/download?source=datamanager&file=GLDS-218_rna_seq_SAMN06465168_GLbulkRNAseq_Log.final.out
GeneLab Processed RNA-Seq Files,1787194677.51,1787194677.51,GLDS-218_rna_seq_SAMN06465165_GLbulkRNAseq_Log.final.out,2028,genelab,/geode-py/ws/studies/OSD-218/download?source=datamanager&file=GLDS-218_rna_seq_SAMN06465165_GLbulkRNAseq_Log.final.out,False,Aligned Sequence Data,Alignment Logs,True,https://osdr.nasa.gov/geode-py/ws/studies/OSD-218/download?source=datamanager&file=GLDS-218_rna_seq_SAMN06465165_GLbulkRNAseq_Log.final.out
GeneLab Processed RNA-Seq Files,1787194677.61,1787194677.61,GLDS-218_rna_seq_SAMN06465163_GLbulkRNAseq_Log.final.out,2027,genelab,/geode-py/ws/studies/OSD-218/download?source=datamanager&file=GLDS-218_rna_seq_SAMN06465163_GLbulkRNAseq_Log.final.out,False,Aligned Sequence Data,Alignment Logs,True,https://osdr.nasa.gov/geode-py/ws/studies/OSD-218/download?source=datamanager&file=GLDS-218_rna_seq_SAMN06465163_GLbulkRNAseq_Log.final.out
GeneLab Processed RNA-Seq Files,1787194677.707,1787194677.707,GLDS-218_rna_seq_SAMN06465160_GLbulkRNAseq_Log.final.out,2030,genelab,/geode-py/ws/studies/OSD-218/download?source=datamanager&file=GLDS-218_rna_seq_SAMN06465160_GLbulkRNAseq_Log.final.out,False,Aligned Sequence Data,Alignment Logs,True,https://osdr.nasa.gov/geode-py/ws/studies/OSD-218/download?source=datamanager&file=GLDS-218_rna_seq_SAMN06465160_GLbulkRNAseq_Log.final.out
GeneLab Processed RNA-Seq Files,1787194677.806,1787194677.806,GLDS-218_rna_seq_SAMN06465157_GLbulkRNAseq_Log.final.out,2026,genelab,/geode-py/ws/studies/OSD-218/download?source=datamanager&file=GLDS-218_rna_seq_SAMN06465157_GLbulkRNAseq_Log.final.out,False,Aligned Sequence Data,Alignment Logs,True,https://osdr.nasa.gov/geode-py/ws/studies/OSD-218/download?source=datamanager&file=GLDS-218_rna_seq_SAMN06465157_GLbulkRNAseq_Log.final.out
GeneLab Processed RNA-Seq Files,1787194677.906,1787194677.906,GLDS-218_rna_seq_SAMN06465155_GLbulkRNAseq_Log.final.out,2026,genelab,/geode-py/ws/studies/OSD-218/download?source=datamanager&file=GLDS-218_rna_seq_SAMN06465155_GLbulkRNAseq_Log.final.out,False,Aligned Sequence Data,Alignment Logs,True,https://osdr.nasa.gov/geode-py/ws/studies/OSD-218/download?source=datamanager&file=GLDS-218_rna_seq_SAMN06465155_GLbulkRNAseq_Log.final.out
GeneLab Processed RNA-Seq Files,1787194678.006,1787194678.006,GLDS-218_rna_seq_SAMN06465152_GLbulkRNAseq_Log.final.out,2027,genelab,/geode-py/ws/studies/OSD-218/download?source=datamanager&file=GLDS-218_rna_seq_SAMN06465152_GLbulkRNAseq_Log.final.out,False,Aligned Sequence Data,Alignment Logs,True,https://osdr.nasa.gov/geode-py/ws/studies/OSD-218/download?source=datamanager&file=GLDS-218_rna_seq_SAMN06465152_GLbulkRNAseq_Log.final.out
GeneLab Processed RNA-Seq Files,1787194678.104,1787194678.104,GLDS-218_rna_seq_SAMN06465150_GLbulkRNAseq_Log.final.out,2027,genelab,/geode-py/ws/studies/OSD-218/download?source=datamanager&file=GLDS-218_rna_seq_SAMN06465150_GLbulkRNAseq_Log.final.out,False,Aligned Sequence Data,Alignment Logs,True,https://osdr.nasa.gov/geode-py/ws/studies/OSD-218/download?source=datamanager&file=GLDS-218_rna_seq_SAMN06465150_GLbulkRNAseq_Log.final.out
GeneLab Processed RNA-Seq Files,1787194678.203,1787194678.203,GLDS-218_rna_seq_SAMN06465148_GLbulkRNAseq_Log.final.out,2026,genelab,/geode-py/ws/studies/OSD-218/download?source=datamanager&file=GLDS-218_rna_seq_SAMN06465148_GLbulkRNAseq_Log.final.out,False,Aligned Sequence Data,Alignment Logs,True,https://osdr.nasa.gov/geode-py/ws/studies/OSD-218/download?source=datamanager&file=GLDS-218_rna_seq_SAMN06465148_GLbulkRNAseq_Log.final.out
GeneLab Processed RNA-Seq Files,1787194678.302,1787194678.302,GLDS-218_rna_seq_SAMN06465146_GLbulkRNAseq_Log.final.out,2026,genelab,/geode-py/ws/studies/OSD-218/download?source=datamanager&file=GLDS-218_rna_seq_SAMN06465146_GLbulkRNAseq_Log.final.out,False,Aligned Sequence Data,Alignment Logs,True,https://osdr.nasa.gov/geode-py/ws/studies/OSD-218/download?source=datamanager&file=GLDS-218_rna_seq_SAMN06465146_GLbulkRNAseq_Log.final.out
GeneLab Processed RNA-Seq Files,1787194678.405,1787194678.405,GLDS-218_rna_seq_SAMN06465144_GLbulkRNAseq_Log.final.out,2026,genelab,/geode-py/ws/studies/OSD-218/download?source=datamanager&file=GLDS-218_rna_seq_SAMN06465144_GLbulkRNAseq_Log.final.out,False,Aligned Sequence Data,Alignment Logs,True,https://osdr.nasa.gov/geode-py/ws/studies/OSD-218/download?source=datamanager&file=GLDS-218_rna_seq_SAMN06465144_GLbulkRNAseq_Log.final.out
GeneLab Processed RNA-Seq Files,1787194678.507,1787194678.507,GLDS-218_rna_seq_SAMN06465142_GLbulkRNAseq_Log.final.out,2026,genelab,/geode-py/ws/studies/OSD-218/download?source=datamanager&file=GLDS-218_rna_seq_SAMN06465142_GLbulkRNAseq_Log.final.out,False,Aligned Sequence Data,Alignment Logs,True,https://osdr.nasa.gov/geode-py/ws/studies/OSD-218/download?source=datamanager&file=GLDS-218_rna_seq_SAMN06465142_GLbulkRNAseq_Log.final.out
GeneLab Processed RNA-Seq Files,1787194678.601,1787194678.601,GLDS-218_rna_seq_SAMN06465276_GLbulkRNAseq_SJ.out.tab,3649630,genelab,/geode-py/ws/studies/OSD-218/download?source=datamanager&file=GLDS-218_rna_seq_SAMN06465276_GLbulkRNAseq_SJ.out.tab,False,Aligned Sequence Data,,True,https://osdr.nasa.gov/geode-py/ws/studies/OSD-218/download?source=datamanager&file=GLDS-218_rna_seq_SAMN06465276_GLbulkRNAseq_SJ.out.tab
GeneLab Processed RNA-Seq Files,1787194678.7,1787194678.7,GLDS-218_rna_seq_SAMN06465276_GLbulkRNAseq_Aligned.toTranscriptome.out.bam,2229662628,genelab,/geode-py/ws/studies/OSD-218/download?source=datamanager&file=GLDS-218_rna_seq_SAMN06465276_GLbulkRNAseq_Aligned.toTranscriptome.out.bam,False,Aligned Sequence Data,,True,https://osdr.nasa.gov/geode-py/ws/studies/OSD-218/download?source=datamanager&file=GLDS-218_rna_seq_SAMN06465276_GLbulkRNAseq_Aligned.toTranscriptome.out.bam
GeneLab Processed RNA-Seq Files,1787194678.799,1787194678.799,GLDS-218_rna_seq_SAMN06465276_GLbulkRNAseq_Aligned.sortedByCoord_sorted.out.bam.bai,282064,genelab,/geode-py/ws/studies/OSD-218/download?source=datamanager&file=GLDS-218_rna_seq_SAMN06465276_GLbulkRNAseq_Aligned.sortedByCoord_sorted.out.bam.bai,False,Aligned Sequence Data,,True,https://osdr.nasa.gov/geode-py/ws/studies/OSD-218/download?source=datamanager&file=GLDS-218_rna_seq_SAMN06465276_GLbulkRNAseq_Aligned.sortedByCoord_sorted.out.bam.bai
GeneLab Processed RNA-Seq Files,1787194678.895,1787194678.895,GLDS-218_rna_seq_SAMN06465276_GLbulkRNAseq_Aligned.sortedByCoord_sorted.out.bam,1704086956,genelab,/geode-py/ws/studies/OSD-218/download?source=datamanager&file=GLDS-218_rna_seq_SAMN06465276_GLbulkRNAseq_Aligned.sortedByCoord_sorted.out.bam,False,Aligned Sequence Data,,True,https://osdr.nasa.gov/geode-py/ws/studies/OSD-218/download?source=datamanager&file=GLDS-218_rna_seq_SAMN06465276_GLbulkRNAseq_Aligned.sortedByCoord_sorted.out.bam
GeneLab Processed RNA-Seq Files,1787194678.993,1787194678.993,GLDS-218_rna_seq_SAMN06465275_GLbulkRNAseq_SJ.out.tab,3674430,genelab,/geode-py/ws/studies/OSD-218/download?source=datamanager&file=GLDS-218_rna_seq_SAMN06465275_GLbulkRNAseq_SJ.out.tab,False,Aligned Sequence Data,,True,https://osdr.nasa.gov/geode-py/ws/studies/OSD-218/download?source=datamanager&file=GLDS-218_rna_seq_SAMN06465275_GLbulkRNAseq_SJ.out.tab
GeneLab Processed RNA-Seq Files,1787194679.087,1787194679.087,GLDS-218_rna_seq_SAMN06465275_GLbulkRNAseq_Aligned.toTranscriptome.out.bam,2664653823,genelab,/geode-py/ws/studies/OSD-218/download?source=datamanager&file=GLDS-218_rna_seq_SAMN06465275_GLbulkRNAseq_Aligned.toTranscriptome.out.bam,False,Aligned Sequence Data,,True,https://osdr.nasa.gov/geode-py/ws/studies/OSD-218/download?source=datamanager&file=GLDS-218_rna_seq_SAMN06465275_GLbulkRNAseq_Aligned.toTranscriptome.out.bam
GeneLab Processed RNA-Seq Files,1787194679.183,1787194679.183,GLDS-218_rna_seq_SAMN06465275_GLbulkRNAseq_Aligned.sortedByCoord_sorted.out.bam.bai,318608,genelab,/geode-py/ws/studies/OSD-218/download?source=datamanager&file=GLDS-218_rna_seq_SAMN06465275_GLbulkRNAseq_Aligned.sortedByCoord_sorted.out.bam.bai,False,Aligned Sequence Data,,True,https://osdr.nasa.gov/geode-py/ws/studies/OSD-218/download?source=datamanager&file=GLDS-218_rna_seq_SAMN06465275_GLbulkRNAseq_Aligned.sortedByCoord_sorted.out.bam.bai
GeneLab Processed RNA-Seq Files,1787194679.281,1787194679.281,GLDS-218_rna_seq_SAMN06465275_GLbulkRNAseq_Aligned.sortedByCoord_sorted.out.bam,1929877286,genelab,/geode-py/ws/studies/OSD-218/download?source=datamanager&file=GLDS-218_rna_seq_SAMN06465275_GLbulkRNAseq_Aligned.sortedByCoord_sorted.out.bam,False,Aligned Sequence Data,,True,https://osdr.nasa.gov/geode-py/ws/studies/OSD-218/download?source=datamanager&file=GLDS-218_rna_seq_SAMN06465275_GLbulkRNAseq_Aligned.sortedByCoord_sorted.out.bam
GeneLab Processed RNA-Seq Files,1787194679.377,1787194679.377,GLDS-218_rna_seq_SAMN06465273_GLbulkRNAseq_SJ.out.tab,3640983,genelab,/geode-py/ws/studies/OSD-218/download?source=datamanager&file=GLDS-218_rna_seq_SAMN06465273_GLbulkRNAseq_SJ.out.tab,False,Aligned Sequence Data,,True,https://osdr.nasa.gov/geode-py/ws/studies/OSD-218/download?source=datamanager&file=GLDS-218_rna_seq_SAMN06465273_GLbulkRNAseq_SJ.out.tab
GeneLab Processed RNA-Seq Files,1787194679.474,1787194679.474,GLDS-218_rna_seq_SAMN06465273_GLbulkRNAseq_Aligned.toTranscriptome.out.bam,2393531911,genelab,/geode-py/ws/studies/OSD-218/download?source=datamanager&file=GLDS-218_rna_seq_SAMN06465273_GLbulkRNAseq_Aligned.toTranscriptome.out.bam,False,Aligned Sequence Data,,True,https://osdr.nasa.gov/geode-py/ws/studies/OSD-218/download?source=datamanager&file=GLDS-218_rna_seq_SAMN06465273_GLbulkRNAseq_Aligned.toTranscriptome.out.bam
GeneLab Processed RNA-Seq Files,1787194679.57,1787194679.57,GLDS-218_rna_seq_SAMN06465273_GLbulkRNAseq_Aligned.sortedByCoord_sorted.out.bam.bai,298048,genelab,/geode-py/ws/studies/OSD-218/download?source=datamanager&file=GLDS-218_rna_seq_SAMN06465273_GLbulkRNAseq_Aligned.sortedByCoord_sorted.out.bam.bai,False,Aligned Sequence Data,,True,https://osdr.nasa.gov/geode-py/ws/studies/OSD-218/download?source=datamanager&file=GLDS-218_rna_seq_SAMN06465273_GLbulkRNAseq_Aligned.sortedByCoord_sorted.out.bam.bai
GeneLab Processed RNA-Seq Files,1787194679.666,1787194679.666,GLDS-218_rna_seq_SAMN06465273_GLbulkRNAseq_Aligned.sortedByCoord_sorted.out.bam,1775207043,genelab,/geode-py/ws/studies/OSD-218/download?source=datamanager&file=GLDS-218_rna_seq_SAMN06465273_GLbulkRNAseq_Aligned.sortedByCoord_sorted.out.bam,False,Aligned Sequence Data,,True,https://osdr.nasa.gov/geode-py/ws/studies/OSD-218/download?source=datamanager&file=GLDS-218_rna_seq_SAMN06465273_GLbulkRNAseq_Aligned.sortedByCoord_sorted.out.bam
GeneLab Processed RNA-Seq Files,1787194679.765,1787194679.765,GLDS-218_rna_seq_SAMN06465272_GLbulkRNAseq_SJ.out.tab,3629132,genelab,/geode-py/ws/studies/OSD-218/download?source=datamanager&file=GLDS-218_rna_seq_SAMN06465272_GLbulkRNAseq_SJ.out.tab,False,Aligned Sequence Data,,True,https://osdr.nasa.gov/geode-py/ws/studies/OSD-218/download?source=datamanager&file=GLDS-218_rna_seq_SAMN06465272_GLbulkRNAseq_SJ.out.tab
GeneLab Processed RNA-Seq Files,1787194679.86,1787194679.86,GLDS-218_rna_seq_SAMN06465272_GLbulkRNAseq_Aligned.toTranscriptome.out.bam,2614360965,genelab,/geode-py/ws/studies/OSD-218/download?source=datamanager&file=GLDS-218_rna_seq_SAMN06465272_GLbulkRNAseq_Aligned.toTranscriptome.out.bam,False,Aligned Sequence Data,,True,https://osdr.nasa.gov/geode-py/ws/studies/OSD-218/download?source=datamanager&file=GLDS-218_rna_seq_SAMN06465272_GLbulkRNAseq_Aligned.toTranscriptome.out.bam
GeneLab Processed RNA-Seq Files,1787194679.956,1787194679.956,GLDS-218_rna_seq_SAMN06465272_GLbulkRNAseq_Aligned.sortedByCoord_sorted.out.bam.bai,313688,genelab,/geode-py/ws/studies/OSD-218/download?source=datamanager&file=GLDS-218_rna_seq_SAMN06465272_GLbulkRNAseq_Aligned.sortedByCoord_sorted.out.bam.bai,False,Aligned Sequence Data,,True,https://osdr.nasa.gov/geode-py/ws/studies/OSD-218/download?source=datamanager&file=GLDS-218_rna_seq_SAMN06465272_GLbulkRNAseq_Aligned.sortedByCoord_sorted.out.bam.bai
GeneLab Processed RNA-Seq Files,1787194680.066,1787194680.066,GLDS-218_rna_seq_SAMN06465272_GLbulkRNAseq_Aligned.sortedByCoord_sorted.out.bam,1917906540,genelab,/geode-py/ws/studies/OSD-218/download?source=datamanager&file=GLDS-218_rna_seq_SAMN06465272_GLbulkRNAseq_Aligned.sortedByCoord_sorted.out.bam,False,Aligned Sequence Data,,True,https://osdr.nasa.gov/geode-py/ws/studies/OSD-218/download?source=datamanager&file=GLDS-218_rna_seq_SAMN06465272_GLbulkRNAseq_Aligned.sortedByCoord_sorted.out.bam
GeneLab Processed RNA-Seq Files,1787194680.166,1787194680.166,GLDS-218_rna_seq_SAMN06465270_GLbulkRNAseq_SJ.out.tab,3471422,genelab,/geode-py/ws/studies/OSD-218/download?source=datamanager&file=GLDS-218_rna_seq_SAMN06465270_GLbulkRNAseq_SJ.out.tab,False,Aligned Sequence Data,,True,https://osdr.nasa.gov/geode-py/ws/studies/OSD-218/download?source=datamanager&file=GLDS-218_rna_seq_SAMN06465270_GLbulkRNAseq_SJ.out.tab
GeneLab Processed RNA-Seq Files,1787194680.262,1787194680.262,GLDS-218_rna_seq_SAMN06465270_GLbulkRNAseq_Aligned.toTranscriptome.out.bam,2087904769,genelab,/geode-py/ws/studies/OSD-218/download?source=datamanager&file=GLDS-218_rna_seq_SAMN06465270_GLbulkRNAseq_Aligned.toTranscriptome.out.bam,False,Aligned Sequence Data,,True,https://osdr.nasa.gov/geode-py/ws/studies/OSD-218/download?source=datamanager&file=GLDS-218_rna_seq_SAMN06465270_GLbulkRNAseq_Aligned.toTranscriptome.out.bam
GeneLab Processed RNA-Seq Files,1787194680.359,1787194680.359,GLDS-218_rna_seq_SAMN06465270_GLbulkRNAseq_Aligned.sortedByCoord_sorted.out.bam.bai,459888,genelab,/geode-py/ws/studies/OSD-218/download?source=datamanager&file=GLDS-218_rna_seq_SAMN06465270_GLbulkRNAseq_Aligned.sortedByCoord_sorted.out.bam.bai,False,Aligned Sequence Data,,True,https://osdr.nasa.gov/geode-py/ws/studies/OSD-218/download?source=datamanager&file=GLDS-218_rna_seq_SAMN06465270_GLbulkRNAseq_Aligned.sortedByCoord_sorted.out.bam.bai
GeneLab Processed RNA-Seq Files,1787194680.454,1787194680.454,GLDS-218_rna_seq_SAMN06465270_GLbulkRNAseq_Aligned.sortedByCoord_sorted.out.bam,2219977788,genelab,/geode-py/ws/studies/OSD-218/download?source=datamanager&file=GLDS-218_rna_seq_SAMN06465270_GLbulkRNAseq_Aligned.sortedByCoord_sorted.out.bam,False,Aligned Sequence Data,,True,https://osdr.nasa.gov/geode-py/ws/studies/OSD-218/download?source=datamanager&file=GLDS-218_rna_seq_SAMN06465270_GLbulkRNAseq_Aligned.sortedByCoord_sorted.out.bam
GeneLab Processed RNA-Seq Files,1787194680.55,1787194680.55,GLDS-218_rna_seq_SAMN06465269_GLbulkRNAseq_SJ.out.tab,3632322,genelab,/geode-py/ws/studies/OSD-218/download?source=datamanager&file=GLDS-218_rna_seq_SAMN06465269_GLbulkRNAseq_SJ.out.tab,False,Aligned Sequence Data,,True,https://osdr.nasa.gov/geode-py/ws/studies/OSD-218/download?source=datamanager&file=GLDS-218_rna_seq_SAMN06465269_GLbulkRNAseq_SJ.out.tab
GeneLab Processed RNA-Seq Files,1787194680.647,1787194680.647,GLDS-218_rna_seq_SAMN06465269_GLbulkRNAseq_Aligned.toTranscriptome.out.bam,2203000592,genelab,/geode-py/ws/studies/OSD-218/download?source=datamanager&file=GLDS-218_rna_seq_SAMN06465269_GLbulkRNAseq_Aligned.toTranscriptome.out.bam,False,Aligned Sequence Data,,True,https://osdr.nasa.gov/geode-py/ws/studies/OSD-218/download?source=datamanager&file=GLDS-218_rna_seq_SAMN06465269_GLbulkRNAseq_Aligned.toTranscriptome.out.bam
GeneLab Processed RNA-Seq Files,1787194680.743,1787194680.743,GLDS-218_rna_seq_SAMN06465269_GLbulkRNAseq_Aligned.sortedByCoord_sorted.out.bam.bai,459488,genelab,/geode-py/ws/studies/OSD-218/download?source=datamanager&file=GLDS-218_rna_seq_SAMN06465269_GLbulkRNAseq_Aligned.sortedByCoord_sorted.out.bam.bai,False,Aligned Sequence Data,,True,https://osdr.nasa.gov/geode-py/ws/studies/OSD-218/download?source=datamanager&file=GLDS-218_rna_seq_SAMN06465269_GLbulkRNAseq_Aligned.sortedByCoord_sorted.out.bam.bai
GeneLab Processed RNA-Seq Files,1787194680.839,1787194680.839,GLDS-218_rna_seq_SAMN06465269_GLbulkRNAseq_Aligned.sortedByCoord_sorted.out.bam,2231251605,genelab,/geode-py/ws/studies/OSD-218/download?source=datamanager&file=GLDS-218_rna_seq_SAMN06465269_GLbulkRNAseq_Aligned.sortedByCoord_sorted.out.bam,False,Aligned Sequence Data,,True,https://osdr.nasa.gov/geode-py/ws/studies/OSD-218/download?source=datamanager&file=GLDS-218_rna_seq_SAMN06465269_GLbulkRNAseq_Aligned.sortedByCoord_sorted.out.bam
GeneLab Processed RNA-Seq Files,1787194680.936,1787194680.936,GLDS-218_rna_seq_SAMN06465268_GLbulkRNAseq_SJ.out.tab,3459776,genelab,/geode-py/ws/studies/OSD-218/download?source=datamanager&file=GLDS-218_rna_seq_SAMN06465268_GLbulkRNAseq_SJ.out.tab,False,Aligned Sequence Data,,True,https://osdr.nasa.gov/geode-py/ws/studies/OSD-218/download?source=datamanager&file=GLDS-218_rna_seq_SAMN06465268_GLbulkRNAseq_SJ.out.tab
GeneLab Processed RNA-Seq Files,1787194681.031,1787194681.031,GLDS-218_rna_seq_SAMN06465268_GLbulkRNAseq_Aligned.toTranscriptome.out.bam,2012093897,genelab,/geode-py/ws/studies/OSD-218/download?source=datamanager&file=GLDS-218_rna_seq_SAMN06465268_GLbulkRNAseq_Aligned.toTranscriptome.out.bam,False,Aligned Sequence Data,,True,https://osdr.nasa.gov/geode-py/ws/studies/OSD-218/download?source=datamanager&file=GLDS-218_rna_seq_SAMN06465268_GLbulkRNAseq_Aligned.toTranscriptome.out.bam
GeneLab Processed RNA-Seq Files,1787194681.127,1787194681.127,GLDS-218_rna_seq_SAMN06465268_GLbulkRNAseq_Aligned.sortedByCoord_sorted.out.bam.bai,523152,genelab,/geode-py/ws/studies/OSD-218/download?source=datamanager&file=GLDS-218_rna_seq_SAMN06465268_GLbulkRNAseq_Aligned.sortedByCoord_sorted.out.bam.bai,False,Aligned Sequence Data,,True,https://osdr.nasa.gov/geode-py/ws/studies/OSD-218/download?source=datamanager&file=GLDS-218_rna_seq_SAMN06465268_GLbulkRNAseq_Aligned.sortedByCoord_sorted.out.bam.bai
GeneLab Processed RNA-Seq Files,1787194681.222,1787194681.222,GLDS-218_rna_seq_SAMN06465268_GLbulkRNAseq_Aligned.sortedByCoord_sorted.out.bam,2315242837,genelab,/geode-py/ws/studies/OSD-218/download?source=datamanager&file=GLDS-218_rna_seq_SAMN06465268_GLbulkRNAseq_Aligned.sortedByCoord_sorted.out.bam,False,Aligned Sequence Data,,True,https://osdr.nasa.gov/geode-py/ws/studies/OSD-218/download?source=datamanager&file=GLDS-218_rna_seq_SAMN06465268_GLbulkRNAseq_Aligned.sortedByCoord_sorted.out.bam
GeneLab Processed RNA-Seq Files,1787194681.319,1787194681.319,GLDS-218_rna_seq_SAMN06465267_GLbulkRNAseq_SJ.out.tab,3736109,genelab,/geode-py/ws/studies/OSD-218/download?source=datamanager&file=GLDS-218_rna_seq_SAMN06465267_GLbulkRNAseq_SJ.out.tab,False,Aligned Sequence Data,,True,https://osdr.nasa.gov/geode-py/ws/studies/OSD-218/download?source=datamanager&file=GLDS-218_rna_seq_SAMN06465267_GLbulkRNAseq_SJ.out.tab
GeneLab Processed RNA-Seq Files,1787194681.414,1787194681.414,GLDS-218_rna_seq_SAMN06465267_GLbulkRNAseq_Aligned.toTranscriptome.out.bam,2356239313,genelab,/geode-py/ws/studies/OSD-218/download?source=datamanager&file=GLDS-218_rna_seq_SAMN06465267_GLbulkRNAseq_Aligned.toTranscriptome.out.bam,False,Aligned Sequence Data,,True,https://osdr.nasa.gov/geode-py/ws/studies/OSD-218/download?source=datamanager&file=GLDS-218_rna_seq_SAMN06465267_GLbulkRNAseq_Aligned.toTranscriptome.out.bam
GeneLab Processed RNA-Seq Files,1787194681.51,1787194681.51,GLDS-218_rna_seq_SAMN06465267_GLbulkRNAseq_Aligned.sortedByCoord_sorted.out.bam.bai,393152,genelab,/geode-py/ws/studies/OSD-218/download?source=datamanager&file=GLDS-218_rna_seq_SAMN06465267_GLbulkRNAseq_Aligned.sortedByCoord_sorted.out.bam.bai,False,Aligned Sequence Data,,True,https://osdr.nasa.gov/geode-py/ws/studies/OSD-218/download?source=datamanager&file=GLDS-218_rna_seq_SAMN06465267_GLbulkRNAseq_Aligned.sortedByCoord_sorted.out.bam.bai
GeneLab Processed RNA-Seq Files,1787194681.608,1787194681.608,GLDS-218_rna_seq_SAMN06465267_GLbulkRNAseq_Aligned.sortedByCoord_sorted.out.bam,2392106027,genelab,/geode-py/ws/studies/OSD-218/download?source=datamanager&file=GLDS-218_rna_seq_SAMN06465267_GLbulkRNAseq_Aligned.sortedByCoord_sorted.out.bam,False,Aligned Sequence Data,,True,https://osdr.nasa.gov/geode-py/ws/studies/OSD-218/download?source=datamanager&file=GLDS-218_rna_seq_SAMN06465267_GLbulkRNAseq_Aligned.sortedByCoord_sorted.out.bam
GeneLab Processed RNA-Seq Files,1787194681.708,1787194681.708,GLDS-218_rna_seq_SAMN06465201_GLbulkRNAseq_SJ.out.tab,3749612,genelab,/geode-py/ws/studies/OSD-218/download?source=datamanager&file=GLDS-218_rna_seq_SAMN06465201_GLbulkRNAseq_SJ.out.tab,False,Aligned Sequence Data,,True,https://osdr.nasa.gov/geode-py/ws/studies/OSD-218/download?source=datamanager&file=GLDS-218_rna_seq_SAMN06465201_GLbulkRNAseq_SJ.out.tab
GeneLab Processed RNA-Seq Files,1787194681.805,1787194681.805,GLDS-218_rna_seq_SAMN06465201_GLbulkRNAseq_Aligned.toTranscriptome.out.bam,2531114560,genelab,/geode-py/ws/studies/OSD-218/download?source=datamanager&file=GLDS-218_rna_seq_SAMN06465201_GLbulkRNAseq_Aligned.toTranscriptome.out.bam,False,Aligned Sequence Data,,True,https://osdr.nasa.gov/geode-py/ws/studies/OSD-218/download?source=datamanager&file=GLDS-218_rna_seq_SAMN06465201_GLbulkRNAseq_Aligned.toTranscriptome.out.bam
GeneLab Processed RNA-Seq Files,1787194681.902,1787194681.902,GLDS-218_rna_seq_SAMN06465201_GLbulkRNAseq_Aligned.sortedByCoord_sorted.out.bam.bai,355536,genelab,/geode-py/ws/studies/OSD-218/download?source=datamanager&file=GLDS-218_rna_seq_SAMN06465201_GLbulkRNAseq_Aligned.sortedByCoord_sorted.out.bam.bai,False,Aligned Sequence Data,,True,https://osdr.nasa.gov/geode-py/ws/studies/OSD-218/download?source=datamanager&file=GLDS-218_rna_seq_SAMN06465201_GLbulkRNAseq_Aligned.sortedByCoord_sorted.out.bam.bai
GeneLab Processed RNA-Seq Files,1787194681.999,1787194681.999,GLDS-218_rna_seq_SAMN06465201_GLbulkRNAseq_Aligned.sortedByCoord_sorted.out.bam,2134883231,genelab,/geode-py/ws/studies/OSD-218/download?source=datamanager&file=GLDS-218_rna_seq_SAMN06465201_GLbulkRNAseq_Aligned.sortedByCoord_sorted.out.bam,False,Aligned Sequence Data,,True,https://osdr.nasa.gov/geode-py/ws/studies/OSD-218/download?source=datamanager&file=GLDS-218_rna_seq_SAMN06465201_GLbulkRNAseq_Aligned.sortedByCoord_sorted.out.bam
GeneLab Processed RNA-Seq Files,1787194682.099,1787194682.099,GLDS-218_rna_seq_SAMN06465197_GLbulkRNAseq_SJ.out.tab,3635359,genelab,/geode-py/ws/studies/OSD-218/download?source=datamanager&file=GLDS-218_rna_seq_SAMN06465197_GLbulkRNAseq_SJ.out.tab,False,Aligned Sequence Data,,True,https://osdr.nasa.gov/geode-py/ws/studies/OSD-218/download?source=datamanager&file=GLDS-218_rna_seq_SAMN06465197_GLbulkRNAseq_SJ.out.tab
GeneLab Processed RNA-Seq Files,1787194682.195,1787194682.195,GLDS-218_rna_seq_SAMN06465197_GLbulkRNAseq_Aligned.toTranscriptome.out.bam,2655912880,genelab,/geode-py/ws/studies/OSD-218/download?source=datamanager&file=GLDS-218_rna_seq_SAMN06465197_GLbulkRNAseq_Aligned.toTranscriptome.out.bam,False,Aligned Sequence Data,,True,https://osdr.nasa.gov/geode-py/ws/studies/OSD-218/download?source=datamanager&file=GLDS-218_rna_seq_SAMN06465197_GLbulkRNAseq_Aligned.toTranscriptome.out.bam
GeneLab Processed RNA-Seq Files,1787194682.293,1787194682.293,GLDS-218_rna_seq_SAMN06465197_GLbulkRNAseq_Aligned.sortedByCoord_sorted.out.bam.bai,433992,genelab,/geode-py/ws/studies/OSD-218/download?source=datamanager&file=GLDS-218_rna_seq_SAMN06465197_GLbulkRNAseq_Aligned.sortedByCoord_sorted.out.bam.bai,False,Aligned Sequence Data,,True,https://osdr.nasa.gov/geode-py/ws/studies/OSD-218/download?source=datamanager&file=GLDS-218_rna_seq_SAMN06465197_GLbulkRNAseq_Aligned.sortedByCoord_sorted.out.bam.bai
GeneLab Processed RNA-Seq Files,1787194682.391,1787194682.391,GLDS-218_rna_seq_SAMN06465197_GLbulkRNAseq_Aligned.sortedByCoord_sorted.out.bam,2600097167,genelab,/geode-py/ws/studies/OSD-218/download?source=datamanager&file=GLDS-218_rna_seq_SAMN06465197_GLbulkRNAseq_Aligned.sortedByCoord_sorted.out.bam,False,Aligned Sequence Data,,True,https://osdr.nasa.gov/geode-py/ws/studies/OSD-218/download?source=datamanager&file=GLDS-218_rna_seq_SAMN06465197_GLbulkRNAseq_Aligned.sortedByCoord_sorted.out.bam
GeneLab Processed RNA-Seq Files,1787194682.489,1787194682.489,GLDS-218_rna_seq_SAMN06465194_GLbulkRNAseq_SJ.out.tab,3684038,genelab,/geode-py/ws/studies/OSD-218/download?source=datamanager&file=GLDS-218_rna_seq_SAMN06465194_GLbulkRNAseq_SJ.out.tab,False,Aligned Sequence Data,,True,https://osdr.nasa.gov/geode-py/ws/studies/OSD-218/download?source=datamanager&file=GLDS-218_rna_seq_SAMN06465194_GLbulkRNAseq_SJ.out.tab
GeneLab Processed RNA-Seq Files,1787194682.586,1787194682.586,GLDS-218_rna_seq_SAMN06465194_GLbulkRNAseq_Aligned.toTranscriptome.out.bam,2439877306,genelab,/geode-py/ws/studies/OSD-218/download?source=datamanager&file=GLDS-218_rna_seq_SAMN06465194_GLbulkRNAseq_Aligned.toTranscriptome.out.bam,False,Aligned Sequence Data,,True,https://osdr.nasa.gov/geode-py/ws/studies/OSD-218/download?source=datamanager&file=GLDS-218_rna_seq_SAMN06465194_GLbulkRNAseq_Aligned.toTranscriptome.out.bam
GeneLab Processed RNA-Seq Files,1787194682.684,1787194682.684,GLDS-218_rna_seq_SAMN06465194_GLbulkRNAseq_Aligned.sortedByCoord_sorted.out.bam.bai,435128,genelab,/geode-py/ws/studies/OSD-218/download?source=datamanager&file=GLDS-218_rna_seq_SAMN06465194_GLbulkRNAseq_Aligned.sortedByCoord_sorted.out.bam.bai,False,Aligned Sequence Data,,True,https://osdr.nasa.gov/geode-py/ws/studies/OSD-218/download?source=datamanager&file=GLDS-218_rna_seq_SAMN06465194_GLbulkRNAseq_Aligned.sortedByCoord_sorted.out.bam.bai
GeneLab Processed RNA-Seq Files,1787194682.782,1787194682.782,GLDS-218_rna_seq_SAMN06465194_GLbulkRNAseq_Aligned.sortedByCoord_sorted.out.bam,2367391968,genelab,/geode-py/ws/studies/OSD-218/download?source=datamanager&file=GLDS-218_rna_seq_SAMN06465194_GLbulkRNAseq_Aligned.sortedByCoord_sorted.out.bam,False,Aligned Sequence Data,,True,https://osdr.nasa.gov/geode-py/ws/studies/OSD-218/download?source=datamanager&file=GLDS-218_rna_seq_SAMN06465194_GLbulkRNAseq_Aligned.sortedByCoord_sorted.out.bam
GeneLab Processed RNA-Seq Files,1787194682.884,1787194682.884,GLDS-218_rna_seq_SAMN06465190_GLbulkRNAseq_SJ.out.tab,3685203,genelab,/geode-py/ws/studies/OSD-218/download?source=datamanager&file=GLDS-218_rna_seq_SAMN06465190_GLbulkRNAseq_SJ.out.tab,False,Aligned Sequence Data,,True,https://osdr.nasa.gov/geode-py/ws/studies/OSD-218/download?source=datamanager&file=GLDS-218_rna_seq_SAMN06465190_GLbulkRNAseq_SJ.out.tab
GeneLab Processed RNA-Seq Files,1787194682.981,1787194682.981,GLDS-218_rna_seq_SAMN06465190_GLbulkRNAseq_Aligned.toTranscriptome.out.bam,2065461959,genelab,/geode-py/ws/studies/OSD-218/download?source=datamanager&file=GLDS-218_rna_seq_SAMN06465190_GLbulkRNAseq_Aligned.toTranscriptome.out.bam,False,Aligned Sequence Data,,True,https://osdr.nasa.gov/geode-py/ws/studies/OSD-218/download?source=datamanager&file=GLDS-218_rna_seq_SAMN06465190_GLbulkRNAseq_Aligned.toTranscriptome.out.bam
GeneLab Processed RNA-Seq Files,1787194683.08,1787194683.08,GLDS-218_rna_seq_SAMN06465190_GLbulkRNAseq_Aligned.sortedByCoord_sorted.out.bam.bai,415336,genelab,/geode-py/ws/studies/OSD-218/download?source=datamanager&file=GLDS-218_rna_seq_SAMN06465190_GLbulkRNAseq_Aligned.sortedByCoord_sorted.out.bam.bai,False,Aligned Sequence Data,,True,https://osdr.nasa.gov/geode-py/ws/studies/OSD-218/download?source=datamanager&file=GLDS-218_rna_seq_SAMN06465190_GLbulkRNAseq_Aligned.sortedByCoord_sorted.out.bam.bai
GeneLab Processed RNA-Seq Files,1787194683.177,1787194683.177,GLDS-218_rna_seq_SAMN06465190_GLbulkRNAseq_Aligned.sortedByCoord_sorted.out.bam,2010205241,genelab,/geode-py/ws/studies/OSD-218/download?source=datamanager&file=GLDS-218_rna_seq_SAMN06465190_GLbulkRNAseq_Aligned.sortedByCoord_sorted.out.bam,False,Aligned Sequence Data,,True,https://osdr.nasa.gov/geode-py/ws/studies/OSD-218/download?source=datamanager&file=GLDS-218_rna_seq_SAMN06465190_GLbulkRNAseq_Aligned.sortedByCoord_sorted.out.bam
GeneLab Processed RNA-Seq Files,1787194683.274,1787194683.274,GLDS-218_rna_seq_SAMN06465187_GLbulkRNAseq_SJ.out.tab,3792713,genelab,/geode-py/ws/studies/OSD-218/download?source=datamanager&file=GLDS-218_rna_seq_SAMN06465187_GLbulkRNAseq_SJ.out.tab,False,Aligned Sequence Data,,True,https://osdr.nasa.gov/geode-py/ws/studies/OSD-218/download?source=datamanager&file=GLDS-218_rna_seq_SAMN06465187_GLbulkRNAseq_SJ.out.tab
GeneLab Processed RNA-Seq Files,1787194683.371,1787194683.371,GLDS-218_rna_seq_SAMN06465187_GLbulkRNAseq_Aligned.toTranscriptome.out.bam,2583006581,genelab,/geode-py/ws/studies/OSD-218/download?source=datamanager&file=GLDS-218_rna_seq_SAMN06465187_GLbulkRNAseq_Aligned.toTranscriptome.out.bam,False,Aligned Sequence Data,,True,https://osdr.nasa.gov/geode-py/ws/studies/OSD-218/download?source=datamanager&file=GLDS-218_rna_seq_SAMN06465187_GLbulkRNAseq_Aligned.toTranscriptome.out.bam
GeneLab Processed RNA-Seq Files,1787194683.469,1787194683.469,GLDS-218_rna_seq_SAMN06465187_GLbulkRNAseq_Aligned.sortedByCoord_sorted.out.bam.bai,570720,genelab,/geode-py/ws/studies/OSD-218/download?source=datamanager&file=GLDS-218_rna_seq_SAMN06465187_GLbulkRNAseq_Aligned.sortedByCoord_sorted.out.bam.bai,False,Aligned Sequence Data,,True,https://osdr.nasa.gov/geode-py/ws/studies/OSD-218/download?source=datamanager&file=GLDS-218_rna_seq_SAMN06465187_GLbulkRNAseq_Aligned.sortedByCoord_sorted.out.bam.bai
GeneLab Processed RNA-Seq Files,1787194683.566,1787194683.566,GLDS-218_rna_seq_SAMN06465187_GLbulkRNAseq_Aligned.sortedByCoord_sorted.out.bam,2839605444,genelab,/geode-py/ws/studies/OSD-218/download?source=datamanager&file=GLDS-218_rna_seq_SAMN06465187_GLbulkRNAseq_Aligned.sortedByCoord_sorted.out.bam,False,Aligned Sequence Data,,True,https://osdr.nasa.gov/geode-py/ws/studies/OSD-218/download?source=datamanager&file=GLDS-218_rna_seq_SAMN06465187_GLbulkRNAseq_Aligned.sortedByCoord_sorted.out.bam
GeneLab Processed RNA-Seq Files,1787194683.667,1787194683.667,GLDS-218_rna_seq_SAMN06465183_GLbulkRNAseq_SJ.out.tab,3627703,genelab,/geode-py/ws/studies/OSD-218/download?source=datamanager&file=GLDS-218_rna_seq_SAMN06465183_GLbulkRNAseq_SJ.out.tab,False,Aligned Sequence Data,,True,https://osdr.nasa.gov/geode-py/ws/studies/OSD-218/download?source=datamanager&file=GLDS-218_rna_seq_SAMN06465183_GLbulkRNAseq_SJ.out.tab
GeneLab Processed RNA-Seq Files,1787194683.774,1787194683.774,GLDS-218_rna_seq_SAMN06465183_GLbulkRNAseq_Aligned.toTranscriptome.out.bam,1964866839,genelab,/geode-py/ws/studies/OSD-218/download?source=datamanager&file=GLDS-218_rna_seq_SAMN06465183_GLbulkRNAseq_Aligned.toTranscriptome.out.bam,False,Aligned Sequence Data,,True,https://osdr.nasa.gov/geode-py/ws/studies/OSD-218/download?source=datamanager&file=GLDS-218_rna_seq_SAMN06465183_GLbulkRNAseq_Aligned.toTranscriptome.out.bam
GeneLab Processed RNA-Seq Files,1787194683.895,1787194683.895,GLDS-218_rna_seq_SAMN06465183_GLbulkRNAseq_Aligned.sortedByCoord_sorted.out.bam.bai,350936,genelab,/geode-py/ws/studies/OSD-218/download?source=datamanager&file=GLDS-218_rna_seq_SAMN06465183_GLbulkRNAseq_Aligned.sortedByCoord_sorted.out.bam.bai,False,Aligned Sequence Data,,True,https://osdr.nasa.gov/geode-py/ws/studies/OSD-218/download?source=datamanager&file=GLDS-218_rna_seq_SAMN06465183_GLbulkRNAseq_Aligned.sortedByCoord_sorted.out.bam.bai
GeneLab Processed RNA-Seq Files,1787194684.0,1787194684.0,GLDS-218_rna_seq_SAMN06465183_GLbulkRNAseq_Aligned.sortedByCoord_sorted.out.bam,2136720780,genelab,/geode-py/ws/studies/OSD-218/download?source=datamanager&file=GLDS-218_rna_seq_SAMN06465183_GLbulkRNAseq_Aligned.sortedByCoord_sorted.out.bam,False,Aligned Sequence Data,,True,https://osdr.nasa.gov/geode-py/ws/studies/OSD-218/download?source=datamanager&file=GLDS-218_rna_seq_SAMN06465183_GLbulkRNAseq_Aligned.sortedByCoord_sorted.out.bam
GeneLab Processed RNA-Seq Files,1787194684.1,1787194684.1,GLDS-218_rna_seq_SAMN06465181_GLbulkRNAseq_SJ.out.tab,3360308,genelab,/geode-py/ws/studies/OSD-218/download?source=datamanager&file=GLDS-218_rna_seq_SAMN06465181_GLbulkRNAseq_SJ.out.tab,False,Aligned Sequence Data,,True,https://osdr.nasa.gov/geode-py/ws/studies/OSD-218/download?source=datamanager&file=GLDS-218_rna_seq_SAMN06465181_GLbulkRNAseq_SJ.out.tab
GeneLab Processed RNA-Seq Files,1787194684.196,1787194684.196,GLDS-218_rna_seq_SAMN06465181_GLbulkRNAseq_Aligned.toTranscriptome.out.bam,1810403661,genelab,/geode-py/ws/studies/OSD-218/download?source=datamanager&file=GLDS-218_rna_seq_SAMN06465181_GLbulkRNAseq_Aligned.toTranscriptome.out.bam,False,Aligned Sequence Data,,True,https://osdr.nasa.gov/geode-py/ws/studies/OSD-218/download?source=datamanager&file=GLDS-218_rna_seq_SAMN06465181_GLbulkRNAseq_Aligned.toTranscriptome.out.bam
GeneLab Processed RNA-Seq Files,1787194684.292,1787194684.292,GLDS-218_rna_seq_SAMN06465181_GLbulkRNAseq_Aligned.sortedByCoord_sorted.out.bam.bai,381464,genelab,/geode-py/ws/studies/OSD-218/download?source=datamanager&file=GLDS-218_rna_seq_SAMN06465181_GLbulkRNAseq_Aligned.sortedByCoord_sorted.out.bam.bai,False,Aligned Sequence Data,,True,https://osdr.nasa.gov/geode-py/ws/studies/OSD-218/download?source=datamanager&file=GLDS-218_rna_seq_SAMN06465181_GLbulkRNAseq_Aligned.sortedByCoord_sorted.out.bam.bai
GeneLab Processed RNA-Seq Files,1787194684.387,1787194684.387,GLDS-218_rna_seq_SAMN06465181_GLbulkRNAseq_Aligned.sortedByCoord_sorted.out.bam,2072953939,genelab,/geode-py/ws/studies/OSD-218/download?source=datamanager&file=GLDS-218_rna_seq_SAMN06465181_GLbulkRNAseq_Aligned.sortedByCoord_sorted.out.bam,False,Aligned Sequence Data,,True,https://osdr.nasa.gov/geode-py/ws/studies/OSD-218/download?source=datamanager&file=GLDS-218_rna_seq_SAMN06465181_GLbulkRNAseq_Aligned.sortedByCoord_sorted.out.bam
GeneLab Processed RNA-Seq Files,1787194684.486,1787194684.486,GLDS-218_rna_seq_SAMN06465179_GLbulkRNAseq_SJ.out.tab,3756755,genelab,/geode-py/ws/studies/OSD-218/download?source=datamanager&file=GLDS-218_rna_seq_SAMN06465179_GLbulkRNAseq_SJ.out.tab,False,Aligned Sequence Data,,True,https://osdr.nasa.gov/geode-py/ws/studies/OSD-218/download?source=datamanager&file=GLDS-218_rna_seq_SAMN06465179_GLbulkRNAseq_SJ.out.tab
GeneLab Processed RNA-Seq Files,1787194684.586,1787194684.586,GLDS-218_rna_seq_SAMN06465179_GLbulkRNAseq_Aligned.toTranscriptome.out.bam,2632034703,genelab,/geode-py/ws/studies/OSD-218/download?source=datamanager&file=GLDS-218_rna_seq_SAMN06465179_GLbulkRNAseq_Aligned.toTranscriptome.out.bam,False,Aligned Sequence Data,,True,https://osdr.nasa.gov/geode-py/ws/studies/OSD-218/download?source=datamanager&file=GLDS-218_rna_seq_SAMN06465179_GLbulkRNAseq_Aligned.toTranscriptome.out.bam
GeneLab Processed RNA-Seq Files,1787194684.684,1787194684.684,GLDS-218_rna_seq_SAMN06465179_GLbulkRNAseq_Aligned.sortedByCoord_sorted.out.bam.bai,371096,genelab,/geode-py/ws/studies/OSD-218/download?source=datamanager&file=GLDS-218_rna_seq_SAMN06465179_GLbulkRNAseq_Aligned.sortedByCoord_sorted.out.bam.bai,False,Aligned Sequence Data,,True,https://osdr.nasa.gov/geode-py/ws/studies/OSD-218/download?source=datamanager&file=GLDS-218_rna_seq_SAMN06465179_GLbulkRNAseq_Aligned.sortedByCoord_sorted.out.bam.bai
GeneLab Processed RNA-Seq Files,1787194684.783,1787194684.783,GLDS-218_rna_seq_SAMN06465179_GLbulkRNAseq_Aligned.sortedByCoord_sorted.out.bam,2280916296,genelab,/geode-py/ws/studies/OSD-218/download?source=datamanager&file=GLDS-218_rna_seq_SAMN06465179_GLbulkRNAseq_Aligned.sortedByCoord_sorted.out.bam,False,Aligned Sequence Data,,True,https://osdr.nasa.gov/geode-py/ws/studies/OSD-218/download?source=datamanager&file=GLDS-218_rna_seq_SAMN06465179_GLbulkRNAseq_Aligned.sortedByCoord_sorted.out.bam
GeneLab Processed RNA-Seq Files,1787194684.885,1787194684.885,GLDS-218_rna_seq_SAMN06465177_GLbulkRNAseq_SJ.out.tab,3523677,genelab,/geode-py/ws/studies/OSD-218/download?source=datamanager&file=GLDS-218_rna_seq_SAMN06465177_GLbulkRNAseq_SJ.out.tab,False,Aligned Sequence Data,,True,https://osdr.nasa.gov/geode-py/ws/studies/OSD-218/download?source=datamanager&file=GLDS-218_rna_seq_SAMN06465177_GLbulkRNAseq_SJ.out.tab
GeneLab Processed RNA-Seq Files,1787194684.98,1787194684.98,GLDS-218_rna_seq_SAMN06465177_GLbulkRNAseq_Aligned.toTranscriptome.out.bam,1922444835,genelab,/geode-py/ws/studies/OSD-218/download?source=datamanager&file=GLDS-218_rna_seq_SAMN06465177_GLbulkRNAseq_Aligned.toTranscriptome.out.bam,False,Aligned Sequence Data,,True,https://osdr.nasa.gov/geode-py/ws/studies/OSD-218/download?source=datamanager&file=GLDS-218_rna_seq_SAMN06465177_GLbulkRNAseq_Aligned.toTranscriptome.out.bam
GeneLab Processed RNA-Seq Files,1787194685.089,1787194685.089,GLDS-218_rna_seq_SAMN06465177_GLbulkRNAseq_Aligned.sortedByCoord_sorted.out.bam.bai,318880,genelab,/geode-py/ws/studies/OSD-218/download?source=datamanager&file=GLDS-218_rna_seq_SAMN06465177_GLbulkRNAseq_Aligned.sortedByCoord_sorted.out.bam.bai,False,Aligned Sequence Data,,True,https://osdr.nasa.gov/geode-py/ws/studies/OSD-218/download?source=datamanager&file=GLDS-218_rna_seq_SAMN06465177_GLbulkRNAseq_Aligned.sortedByCoord_sorted.out.bam.bai
GeneLab Processed RNA-Seq Files,1787194685.194,1787194685.194,GLDS-218_rna_seq_SAMN06465177_GLbulkRNAseq_Aligned.sortedByCoord_sorted.out.bam,1873849239,genelab,/geode-py/ws/studies/OSD-218/download?source=datamanager&file=GLDS-218_rna_seq_SAMN06465177_GLbulkRNAseq_Aligned.sortedByCoord_sorted.out.bam,False,Aligned Sequence Data,,True,https://osdr.nasa.gov/geode-py/ws/studies/OSD-218/download?source=datamanager&file=GLDS-218_rna_seq_SAMN06465177_GLbulkRNAseq_Aligned.sortedByCoord_sorted.out.bam
GeneLab Processed RNA-Seq Files,1787194685.298,1787194685.298,GLDS-218_rna_seq_SAMN06465174_GLbulkRNAseq_SJ.out.tab,2656462,genelab,/geode-py/ws/studies/OSD-218/download?source=datamanager&file=GLDS-218_rna_seq_SAMN06465174_GLbulkRNAseq_SJ.out.tab,False,Aligned Sequence Data,,True,https://osdr.nasa.gov/geode-py/ws/studies/OSD-218/download?source=datamanager&file=GLDS-218_rna_seq_SAMN06465174_GLbulkRNAseq_SJ.out.tab
GeneLab Processed RNA-Seq Files,1787194685.4,1787194685.4,GLDS-218_rna_seq_SAMN06465174_GLbulkRNAseq_Aligned.toTranscriptome.out.bam,1234029636,genelab,/geode-py/ws/studies/OSD-218/download?source=datamanager&file=GLDS-218_rna_seq_SAMN06465174_GLbulkRNAseq_Aligned.toTranscriptome.out.bam,False,Aligned Sequence Data,,True,https://osdr.nasa.gov/geode-py/ws/studies/OSD-218/download?source=datamanager&file=GLDS-218_rna_seq_SAMN06465174_GLbulkRNAseq_Aligned.toTranscriptome.out.bam
GeneLab Processed RNA-Seq Files,1787194685.502,1787194685.502,GLDS-218_rna_seq_SAMN06465174_GLbulkRNAseq_Aligned.sortedByCoord_sorted.out.bam.bai,514752,genelab,/geode-py/ws/studies/OSD-218/download?source=datamanager&file=GLDS-218_rna_seq_SAMN06465174_GLbulkRNAseq_Aligned.sortedByCoord_sorted.out.bam.bai,False,Aligned Sequence Data,,True,https://osdr.nasa.gov/geode-py/ws/studies/OSD-218/download?source=datamanager&file=GLDS-218_rna_seq_SAMN06465174_GLbulkRNAseq_Aligned.sortedByCoord_sorted.out.bam.bai
GeneLab Processed RNA-Seq Files,1787194685.596,1787194685.596,GLDS-218_rna_seq_SAMN06465174_GLbulkRNAseq_Aligned.sortedByCoord_sorted.out.bam,2127011877,genelab,/geode-py/ws/studies/OSD-218/download?source=datamanager&file=GLDS-218_rna_seq_SAMN06465174_GLbulkRNAseq_Aligned.sortedByCoord_sorted.out.bam,False,Aligned Sequence Data,,True,https://osdr.nasa.gov/geode-py/ws/studies/OSD-218/download?source=datamanager&file=GLDS-218_rna_seq_SAMN06465174_GLbulkRNAseq_Aligned.sortedByCoord_sorted.out.bam
GeneLab Processed RNA-Seq Files,1787194685.693,1787194685.693,GLDS-218_rna_seq_SAMN06465172_GLbulkRNAseq_SJ.out.tab,3104742,genelab,/geode-py/ws/studies/OSD-218/download?source=datamanager&file=GLDS-218_rna_seq_SAMN06465172_GLbulkRNAseq_SJ.out.tab,False,Aligned Sequence Data,,True,https://osdr.nasa.gov/geode-py/ws/studies/OSD-218/download?source=datamanager&file=GLDS-218_rna_seq_SAMN06465172_GLbulkRNAseq_SJ.out.tab
GeneLab Processed RNA-Seq Files,1787194685.791,1787194685.791,GLDS-218_rna_seq_SAMN06465172_GLbulkRNAseq_Aligned.toTranscriptome.out.bam,1817876448,genelab,/geode-py/ws/studies/OSD-218/download?source=datamanager&file=GLDS-218_rna_seq_SAMN06465172_GLbulkRNAseq_Aligned.toTranscriptome.out.bam,False,Aligned Sequence Data,,True,https://osdr.nasa.gov/geode-py/ws/studies/OSD-218/download?source=datamanager&file=GLDS-218_rna_seq_SAMN06465172_GLbulkRNAseq_Aligned.toTranscriptome.out.bam
GeneLab Processed RNA-Seq Files,1787194685.898,1787194685.898,GLDS-218_rna_seq_SAMN06465172_GLbulkRNAseq_Aligned.sortedByCoord_sorted.out.bam.bai,567960,genelab,/geode-py/ws/studies/OSD-218/download?source=datamanager&file=GLDS-218_rna_seq_SAMN06465172_GLbulkRNAseq_Aligned.sortedByCoord_sorted.out.bam.bai,False,Aligned Sequence Data,,True,https://osdr.nasa.gov/geode-py/ws/studies/OSD-218/download?source=datamanager&file=GLDS-218_rna_seq_SAMN06465172_GLbulkRNAseq_Aligned.sortedByCoord_sorted.out.bam.bai
GeneLab Processed RNA-Seq Files,1787194685.996,1787194685.996,GLDS-218_rna_seq_SAMN06465172_GLbulkRNAseq_Aligned.sortedByCoord_sorted.out.bam,2323196942,genelab,/geode-py/ws/studies/OSD-218/download?source=datamanager&file=GLDS-218_rna_seq_SAMN06465172_GLbulkRNAseq_Aligned.sortedByCoord_sorted.out.bam,False,Aligned Sequence Data,,True,https://osdr.nasa.gov/geode-py/ws/studies/OSD-218/download?source=datamanager&file=GLDS-218_rna_seq_SAMN06465172_GLbulkRNAseq_Aligned.sortedByCoord_sorted.out.bam
GeneLab Processed RNA-Seq Files,1787194686.097,1787194686.097,GLDS-218_rna_seq_SAMN06465170_GLbulkRNAseq_SJ.out.tab,3411802,genelab,/geode-py/ws/studies/OSD-218/download?source=datamanager&file=GLDS-218_rna_seq_SAMN06465170_GLbulkRNAseq_SJ.out.tab,False,Aligned Sequence Data,,True,https://osdr.nasa.gov/geode-py/ws/studies/OSD-218/download?source=datamanager&file=GLDS-218_rna_seq_SAMN06465170_GLbulkRNAseq_SJ.out.tab
GeneLab Processed RNA-Seq Files,1787194686.195,1787194686.195,GLDS-218_rna_seq_SAMN06465170_GLbulkRNAseq_Aligned.toTranscriptome.out.bam,2043019956,genelab,/geode-py/ws/studies/OSD-218/download?source=datamanager&file=GLDS-218_rna_seq_SAMN06465170_GLbulkRNAseq_Aligned.toTranscriptome.out.bam,False,Aligned Sequence Data,,True,https://osdr.nasa.gov/geode-py/ws/studies/OSD-218/download?source=datamanager&file=GLDS-218_rna_seq_SAMN06465170_GLbulkRNAseq_Aligned.toTranscriptome.out.bam
GeneLab Processed RNA-Seq Files,1787194686.292,1787194686.292,GLDS-218_rna_seq_SAMN06465170_GLbulkRNAseq_Aligned.sortedByCoord_sorted.out.bam.bai,396872,genelab,/geode-py/ws/studies/OSD-218/download?source=datamanager&file=GLDS-218_rna_seq_SAMN06465170_GLbulkRNAseq_Aligned.sortedByCoord_sorted.out.bam.bai,False,Aligned Sequence Data,,True,https://osdr.nasa.gov/geode-py/ws/studies/OSD-218/download?source=datamanager&file=GLDS-218_rna_seq_SAMN06465170_GLbulkRNAseq_Aligned.sortedByCoord_sorted.out.bam.bai
GeneLab Processed RNA-Seq Files,1787194686.388,1787194686.388,GLDS-218_rna_seq_SAMN06465170_GLbulkRNAseq_Aligned.sortedByCoord_sorted.out.bam,2228429242,genelab,/geode-py/ws/studies/OSD-218/download?source=datamanager&file=GLDS-218_rna_seq_SAMN06465170_GLbulkRNAseq_Aligned.sortedByCoord_sorted.out.bam,False,Aligned Sequence Data,,True,https://osdr.nasa.gov/geode-py/ws/studies/OSD-218/download?source=datamanager&file=GLDS-218_rna_seq_SAMN06465170_GLbulkRNAseq_Aligned.sortedByCoord_sorted.out.bam
GeneLab Processed RNA-Seq Files,1787194686.484,1787194686.484,GLDS-218_rna_seq_SAMN06465168_GLbulkRNAseq_SJ.out.tab,3349567,genelab,/geode-py/ws/studies/OSD-218/download?source=datamanager&file=GLDS-218_rna_seq_SAMN06465168_GLbulkRNAseq_SJ.out.tab,False,Aligned Sequence Data,,True,https://osdr.nasa.gov/geode-py/ws/studies/OSD-218/download?source=datamanager&file=GLDS-218_rna_seq_SAMN06465168_GLbulkRNAseq_SJ.out.tab
GeneLab Processed RNA-Seq Files,1787194686.588,1787194686.588,GLDS-218_rna_seq_SAMN06465168_GLbulkRNAseq_Aligned.toTranscriptome.out.bam,1552658174,genelab,/geode-py/ws/studies/OSD-218/download?source=datamanager&file=GLDS-218_rna_seq_SAMN06465168_GLbulkRNAseq_Aligned.toTranscriptome.out.bam,False,Aligned Sequence Data,,True,https://osdr.nasa.gov/geode-py/ws/studies/OSD-218/download?source=datamanager&file=GLDS-218_rna_seq_SAMN06465168_GLbulkRNAseq_Aligned.toTranscriptome.out.bam
GeneLab Processed RNA-Seq Files,1787194686.687,1787194686.687,GLDS-218_rna_seq_SAMN06465168_GLbulkRNAseq_Aligned.sortedByCoord_sorted.out.bam.bai,415560,genelab,/geode-py/ws/studies/OSD-218/download?source=datamanager&file=GLDS-218_rna_seq_SAMN06465168_GLbulkRNAseq_Aligned.sortedByCoord_sorted.out.bam.bai,False,Aligned Sequence Data,,True,https://osdr.nasa.gov/geode-py/ws/studies/OSD-218/download?source=datamanager&file=GLDS-218_rna_seq_SAMN06465168_GLbulkRNAseq_Aligned.sortedByCoord_sorted.out.bam.bai
GeneLab Processed RNA-Seq Files,1787194686.811,1787194686.811,GLDS-218_rna_seq_SAMN06465168_GLbulkRNAseq_Aligned.sortedByCoord_sorted.out.bam,2060873286,genelab,/geode-py/ws/studies/OSD-218/download?source=datamanager&file=GLDS-218_rna_seq_SAMN06465168_GLbulkRNAseq_Aligned.sortedByCoord_sorted.out.bam,False,Aligned Sequence Data,,True,https://osdr.nasa.gov/geode-py/ws/studies/OSD-218/download?source=datamanager&file=GLDS-218_rna_seq_SAMN06465168_GLbulkRNAseq_Aligned.sortedByCoord_sorted.out.bam
GeneLab Processed RNA-Seq Files,1787194686.912,1787194686.912,GLDS-218_rna_seq_SAMN06465165_GLbulkRNAseq_SJ.out.tab,3227411,genelab,/geode-py/ws/studies/OSD-218/download?source=datamanager&file=GLDS-218_rna_seq_SAMN06465165_GLbulkRNAseq_SJ.out.tab,False,Aligned Sequence Data,,True,https://osdr.nasa.gov/geode-py/ws/studies/OSD-218/download?source=datamanager&file=GLDS-218_rna_seq_SAMN06465165_GLbulkRNAseq_SJ.out.tab
GeneLab Processed RNA-Seq Files,1787194687.012,1787194687.012,GLDS-218_rna_seq_SAMN06465165_GLbulkRNAseq_Aligned.toTranscriptome.out.bam,1732129536,genelab,/geode-py/ws/studies/OSD-218/download?source=datamanager&file=GLDS-218_rna_seq_SAMN06465165_GLbulkRNAseq_Aligned.toTranscriptome.out.bam,False,Aligned Sequence Data,,True,https://osdr.nasa.gov/geode-py/ws/studies/OSD-218/download?source=datamanager&file=GLDS-218_rna_seq_SAMN06465165_GLbulkRNAseq_Aligned.toTranscriptome.out.bam
GeneLab Processed RNA-Seq Files,1787194687.11,1787194687.11,GLDS-218_rna_seq_SAMN06465165_GLbulkRNAseq_Aligned.sortedByCoord_sorted.out.bam.bai,625032,genelab,/geode-py/ws/studies/OSD-218/download?source=datamanager&file=GLDS-218_rna_seq_SAMN06465165_GLbulkRNAseq_Aligned.sortedByCoord_sorted.out.bam.bai,False,Aligned Sequence Data,,True,https://osdr.nasa.gov/geode-py/ws/studies/OSD-218/download?source=datamanager&file=GLDS-218_rna_seq_SAMN06465165_GLbulkRNAseq_Aligned.sortedByCoord_sorted.out.bam.bai
GeneLab Processed RNA-Seq Files,1787194687.217,1787194687.217,GLDS-218_rna_seq_SAMN06465165_GLbulkRNAseq_Aligned.sortedByCoord_sorted.out.bam,2494038317,genelab,/geode-py/ws/studies/OSD-218/download?source=datamanager&file=GLDS-218_rna_seq_SAMN06465165_GLbulkRNAseq_Aligned.sortedByCoord_sorted.out.bam,False,Aligned Sequence Data,,True,https://osdr.nasa.gov/geode-py/ws/studies/OSD-218/download?source=datamanager&file=GLDS-218_rna_seq_SAMN06465165_GLbulkRNAseq_Aligned.sortedByCoord_sorted.out.bam
GeneLab Processed RNA-Seq Files,1787194687.321,1787194687.321,GLDS-218_rna_seq_SAMN06465163_GLbulkRNAseq_SJ.out.tab,3306013,genelab,/geode-py/ws/studies/OSD-218/download?source=datamanager&file=GLDS-218_rna_seq_SAMN06465163_GLbulkRNAseq_SJ.out.tab,False,Aligned Sequence Data,,True,https://osdr.nasa.gov/geode-py/ws/studies/OSD-218/download?source=datamanager&file=GLDS-218_rna_seq_SAMN06465163_GLbulkRNAseq_SJ.out.tab
GeneLab Processed RNA-Seq Files,1787194687.422,1787194687.422,GLDS-218_rna_seq_SAMN06465163_GLbulkRNAseq_Aligned.toTranscriptome.out.bam,1787345511,genelab,/geode-py/ws/studies/OSD-218/download?source=datamanager&file=GLDS-218_rna_seq_SAMN06465163_GLbulkRNAseq_Aligned.toTranscriptome.out.bam,False,Aligned Sequence Data,,True,https://osdr.nasa.gov/geode-py/ws/studies/OSD-218/download?source=datamanager&file=GLDS-218_rna_seq_SAMN06465163_GLbulkRNAseq_Aligned.toTranscriptome.out.bam
GeneLab Processed RNA-Seq Files,1787194687.521,1787194687.521,GLDS-218_rna_seq_SAMN06465163_GLbulkRNAseq_Aligned.sortedByCoord_sorted.out.bam.bai,739336,genelab,/geode-py/ws/studies/OSD-218/download?source=datamanager&file=GLDS-218_rna_seq_SAMN06465163_GLbulkRNAseq_Aligned.sortedByCoord_sorted.out.bam.bai,False,Aligned Sequence Data,,True,https://osdr.nasa.gov/geode-py/ws/studies/OSD-218/download?source=datamanager&file=GLDS-218_rna_seq_SAMN06465163_GLbulkRNAseq_Aligned.sortedByCoord_sorted.out.bam.bai
GeneLab Processed RNA-Seq Files,1787194687.618,1787194687.618,GLDS-218_rna_seq_SAMN06465163_GLbulkRNAseq_Aligned.sortedByCoord_sorted.out.bam,2517877429,genelab,/geode-py/ws/studies/OSD-218/download?source=datamanager&file=GLDS-218_rna_seq_SAMN06465163_GLbulkRNAseq_Aligned.sortedByCoord_sorted.out.bam,False,Aligned Sequence Data,,True,https://osdr.nasa.gov/geode-py/ws/studies/OSD-218/download?source=datamanager&file=GLDS-218_rna_seq_SAMN06465163_GLbulkRNAseq_Aligned.sortedByCoord_sorted.out.bam
GeneLab Processed RNA-Seq Files,1787194687.717,1787194687.717,GLDS-218_rna_seq_SAMN06465160_GLbulkRNAseq_SJ.out.tab,3207890,genelab,/geode-py/ws/studies/OSD-218/download?source=datamanager&file=GLDS-218_rna_seq_SAMN06465160_GLbulkRNAseq_SJ.out.tab,False,Aligned Sequence Data,,True,https://osdr.nasa.gov/geode-py/ws/studies/OSD-218/download?source=datamanager&file=GLDS-218_rna_seq_SAMN06465160_GLbulkRNAseq_SJ.out.tab
GeneLab Processed RNA-Seq Files,1787194687.813,1787194687.813,GLDS-218_rna_seq_SAMN06465160_GLbulkRNAseq_Aligned.toTranscriptome.out.bam,1668275059,genelab,/geode-py/ws/studies/OSD-218/download?source=datamanager&file=GLDS-218_rna_seq_SAMN06465160_GLbulkRNAseq_Aligned.toTranscriptome.out.bam,False,Aligned Sequence Data,,True,https://osdr.nasa.gov/geode-py/ws/studies/OSD-218/download?source=datamanager&file=GLDS-218_rna_seq_SAMN06465160_GLbulkRNAseq_Aligned.toTranscriptome.out.bam
GeneLab Processed RNA-Seq Files,1787194687.911,1787194687.911,GLDS-218_rna_seq_SAMN06465160_GLbulkRNAseq_Aligned.sortedByCoord_sorted.out.bam.bai,593352,genelab,/geode-py/ws/studies/OSD-218/download?source=datamanager&file=GLDS-218_rna_seq_SAMN06465160_GLbulkRNAseq_Aligned.sortedByCoord_sorted.out.bam.bai,False,Aligned Sequence Data,,True,https://osdr.nasa.gov/geode-py/ws/studies/OSD-218/download?source=datamanager&file=GLDS-218_rna_seq_SAMN06465160_GLbulkRNAseq_Aligned.sortedByCoord_sorted.out.bam.bai
GeneLab Processed RNA-Seq Files,1787194688.008,1787194688.008,GLDS-218_rna_seq_SAMN06465160_GLbulkRNAseq_Aligned.sortedByCoord_sorted.out.bam,2303145202,genelab,/geode-py/ws/studies/OSD-218/download?source=datamanager&file=GLDS-218_rna_seq_SAMN06465160_GLbulkRNAseq_Aligned.sortedByCoord_sorted.out.bam,False,Aligned Sequence Data,,True,https://osdr.nasa.gov/geode-py/ws/studies/OSD-218/download?source=datamanager&file=GLDS-218_rna_seq_SAMN06465160_GLbulkRNAseq_Aligned.sortedByCoord_sorted.out.bam
GeneLab Processed RNA-Seq Files,1787194688.105,1787194688.105,GLDS-218_rna_seq_SAMN06465157_GLbulkRNAseq_SJ.out.tab,3716483,genelab,/geode-py/ws/studies/OSD-218/download?source=datamanager&file=GLDS-218_rna_seq_SAMN06465157_GLbulkRNAseq_SJ.out.tab,False,Aligned Sequence Data,,True,https://osdr.nasa.gov/geode-py/ws/studies/OSD-218/download?source=datamanager&file=GLDS-218_rna_seq_SAMN06465157_GLbulkRNAseq_SJ.out.tab
GeneLab Processed RNA-Seq Files,1787194688.2,1787194688.2,GLDS-218_rna_seq_SAMN06465157_GLbulkRNAseq_Aligned.toTranscriptome.out.bam,2161537512,genelab,/geode-py/ws/studies/OSD-218/download?source=datamanager&file=GLDS-218_rna_seq_SAMN06465157_GLbulkRNAseq_Aligned.toTranscriptome.out.bam,False,Aligned Sequence Data,,True,https://osdr.nasa.gov/geode-py/ws/studies/OSD-218/download?source=datamanager&file=GLDS-218_rna_seq_SAMN06465157_GLbulkRNAseq_Aligned.toTranscriptome.out.bam
GeneLab Processed RNA-Seq Files,1787194688.295,1787194688.295,GLDS-218_rna_seq_SAMN06465157_GLbulkRNAseq_Aligned.sortedByCoord_sorted.out.bam.bai,353400,genelab,/geode-py/ws/studies/OSD-218/download?source=datamanager&file=GLDS-218_rna_seq_SAMN06465157_GLbulkRNAseq_Aligned.sortedByCoord_sorted.out.bam.bai,False,Aligned Sequence Data,,True,https://osdr.nasa.gov/geode-py/ws/studies/OSD-218/download?source=datamanager&file=GLDS-218_rna_seq_SAMN06465157_GLbulkRNAseq_Aligned.sortedByCoord_sorted.out.bam.bai
GeneLab Processed RNA-Seq Files,1787194688.39,1787194688.39,GLDS-218_rna_seq_SAMN06465157_GLbulkRNAseq_Aligned.sortedByCoord_sorted.out.bam,2095367461,genelab,/geode-py/ws/studies/OSD-218/download?source=datamanager&file=GLDS-218_rna_seq_SAMN06465157_GLbulkRNAseq_Aligned.sortedByCoord_sorted.out.bam,False,Aligned Sequence Data,,True,https://osdr.nasa.gov/geode-py/ws/studies/OSD-218/download?source=datamanager&file=GLDS-218_rna_seq_SAMN06465157_GLbulkRNAseq_Aligned.sortedByCoord_sorted.out.bam
GeneLab Processed RNA-Seq Files,1787194688.489,1787194688.489,GLDS-218_rna_seq_SAMN06465155_GLbulkRNAseq_SJ.out.tab,3732107,genelab,/geode-py/ws/studies/OSD-218/download?source=datamanager&file=GLDS-218_rna_seq_SAMN06465155_GLbulkRNAseq_SJ.out.tab,False,Aligned Sequence Data,,True,https://osdr.nasa.gov/geode-py/ws/studies/OSD-218/download?source=datamanager&file=GLDS-218_rna_seq_SAMN06465155_GLbulkRNAseq_SJ.out.tab
GeneLab Processed RNA-Seq Files,1787194688.585,1787194688.585,GLDS-218_rna_seq_SAMN06465155_GLbulkRNAseq_Aligned.toTranscriptome.out.bam,2154716534,genelab,/geode-py/ws/studies/OSD-218/download?source=datamanager&file=GLDS-218_rna_seq_SAMN06465155_GLbulkRNAseq_Aligned.toTranscriptome.out.bam,False,Aligned Sequence Data,,True,https://osdr.nasa.gov/geode-py/ws/studies/OSD-218/download?source=datamanager&file=GLDS-218_rna_seq_SAMN06465155_GLbulkRNAseq_Aligned.toTranscriptome.out.bam
GeneLab Processed RNA-Seq Files,1787194688.682,1787194688.682,GLDS-218_rna_seq_SAMN06465155_GLbulkRNAseq_Aligned.sortedByCoord_sorted.out.bam.bai,366272,genelab,/geode-py/ws/studies/OSD-218/download?source=datamanager&file=GLDS-218_rna_seq_SAMN06465155_GLbulkRNAseq_Aligned.sortedByCoord_sorted.out.bam.bai,False,Aligned Sequence Data,,True,https://osdr.nasa.gov/geode-py/ws/studies/OSD-218/download?source=datamanager&file=GLDS-218_rna_seq_SAMN06465155_GLbulkRNAseq_Aligned.sortedByCoord_sorted.out.bam.bai
GeneLab Processed RNA-Seq Files,1787194688.784,1787194688.784,GLDS-218_rna_seq_SAMN06465155_GLbulkRNAseq_Aligned.sortedByCoord_sorted.out.bam,2222046658,genelab,/geode-py/ws/studies/OSD-218/download?source=datamanager&file=GLDS-218_rna_seq_SAMN06465155_GLbulkRNAseq_Aligned.sortedByCoord_sorted.out.bam,False,Aligned Sequence Data,,True,https://osdr.nasa.gov/geode-py/ws/studies/OSD-218/download?source=datamanager&file=GLDS-218_rna_seq_SAMN06465155_GLbulkRNAseq_Aligned.sortedByCoord_sorted.out.bam
GeneLab Processed RNA-Seq Files,1787194688.886,1787194688.886,GLDS-218_rna_seq_SAMN06465152_GLbulkRNAseq_SJ.out.tab,3895488,genelab,/geode-py/ws/studies/OSD-218/download?source=datamanager&file=GLDS-218_rna_seq_SAMN06465152_GLbulkRNAseq_SJ.out.tab,False,Aligned Sequence Data,,True,https://osdr.nasa.gov/geode-py/ws/studies/OSD-218/download?source=datamanager&file=GLDS-218_rna_seq_SAMN06465152_GLbulkRNAseq_SJ.out.tab
GeneLab Processed RNA-Seq Files,1787194688.981,1787194688.981,GLDS-218_rna_seq_SAMN06465152_GLbulkRNAseq_Aligned.toTranscriptome.out.bam,3118768600,genelab,/geode-py/ws/studies/OSD-218/download?source=datamanager&file=GLDS-218_rna_seq_SAMN06465152_GLbulkRNAseq_Aligned.toTranscriptome.out.bam,False,Aligned Sequence Data,,True,https://osdr.nasa.gov/geode-py/ws/studies/OSD-218/download?source=datamanager&file=GLDS-218_rna_seq_SAMN06465152_GLbulkRNAseq_Aligned.toTranscriptome.out.bam
GeneLab Processed RNA-Seq Files,1787194689.086,1787194689.086,GLDS-218_rna_seq_SAMN06465152_GLbulkRNAseq_Aligned.sortedByCoord_sorted.out.bam.bai,490696,genelab,/geode-py/ws/studies/OSD-218/download?source=datamanager&file=GLDS-218_rna_seq_SAMN06465152_GLbulkRNAseq_Aligned.sortedByCoord_sorted.out.bam.bai,False,Aligned Sequence Data,,True,https://osdr.nasa.gov/geode-py/ws/studies/OSD-218/download?source=datamanager&file=GLDS-218_rna_seq_SAMN06465152_GLbulkRNAseq_Aligned.sortedByCoord_sorted.out.bam.bai
GeneLab Processed RNA-Seq Files,1787194689.19,1787194689.19,GLDS-218_rna_seq_SAMN06465152_GLbulkRNAseq_Aligned.sortedByCoord_sorted.out.bam,3030331179,genelab,/geode-py/ws/studies/OSD-218/download?source=datamanager&file=GLDS-218_rna_seq_SAMN06465152_GLbulkRNAseq_Aligned.sortedByCoord_sorted.out.bam,False,Aligned Sequence Data,,True,https://osdr.nasa.gov/geode-py/ws/studies/OSD-218/download?source=datamanager&file=GLDS-218_rna_seq_SAMN06465152_GLbulkRNAseq_Aligned.sortedByCoord_sorted.out.bam
GeneLab Processed RNA-Seq Files,1787194689.295,1787194689.295,GLDS-218_rna_seq_SAMN06465150_GLbulkRNAseq_SJ.out.tab,3751883,genelab,/geode-py/ws/studies/OSD-218/download?source=datamanager&file=GLDS-218_rna_seq_SAMN06465150_GLbulkRNAseq_SJ.out.tab,False,Aligned Sequence Data,,True,https://osdr.nasa.gov/geode-py/ws/studies/OSD-218/download?source=datamanager&file=GLDS-218_rna_seq_SAMN06465150_GLbulkRNAseq_SJ.out.tab
GeneLab Processed RNA-Seq Files,1787194689.4,1787194689.4,GLDS-218_rna_seq_SAMN06465150_GLbulkRNAseq_Aligned.toTranscriptome.out.bam,2317548118,genelab,/geode-py/ws/studies/OSD-218/download?source=datamanager&file=GLDS-218_rna_seq_SAMN06465150_GLbulkRNAseq_Aligned.toTranscriptome.out.bam,False,Aligned Sequence Data,,True,https://osdr.nasa.gov/geode-py/ws/studies/OSD-218/download?source=datamanager&file=GLDS-218_rna_seq_SAMN06465150_GLbulkRNAseq_Aligned.toTranscriptome.out.bam
GeneLab Processed RNA-Seq Files,1787194689.51,1787194689.51,GLDS-218_rna_seq_SAMN06465150_GLbulkRNAseq_Aligned.sortedByCoord_sorted.out.bam.bai,440816,genelab,/geode-py/ws/studies/OSD-218/download?source=datamanager&file=GLDS-218_rna_seq_SAMN06465150_GLbulkRNAseq_Aligned.sortedByCoord_sorted.out.bam.bai,False,Aligned Sequence Data,,True,https://osdr.nasa.gov/geode-py/ws/studies/OSD-218/download?source=datamanager&file=GLDS-218_rna_seq_SAMN06465150_GLbulkRNAseq_Aligned.sortedByCoord_sorted.out.bam.bai
GeneLab Processed RNA-Seq Files,1787194689.617,1787194689.617,GLDS-218_rna_seq_SAMN06465150_GLbulkRNAseq_Aligned.sortedByCoord_sorted.out.bam,2371370609,genelab,/geode-py/ws/studies/OSD-218/download?source=datamanager&file=GLDS-218_rna_seq_SAMN06465150_GLbulkRNAseq_Aligned.sortedByCoord_sorted.out.bam,False,Aligned Sequence Data,,True,https://osdr.nasa.gov/geode-py/ws/studies/OSD-218/download?source=datamanager&file=GLDS-218_rna_seq_SAMN06465150_GLbulkRNAseq_Aligned.sortedByCoord_sorted.out.bam
GeneLab Processed RNA-Seq Files,1787194689.715,1787194689.715,GLDS-218_rna_seq_SAMN06465148_GLbulkRNAseq_SJ.out.tab,3931212,genelab,/geode-py/ws/studies/OSD-218/download?source=datamanager&file=GLDS-218_rna_seq_SAMN06465148_GLbulkRNAseq_SJ.out.tab,False,Aligned Sequence Data,,True,https://osdr.nasa.gov/geode-py/ws/studies/OSD-218/download?source=datamanager&file=GLDS-218_rna_seq_SAMN06465148_GLbulkRNAseq_SJ.out.tab
GeneLab Processed RNA-Seq Files,1787194689.812,1787194689.812,GLDS-218_rna_seq_SAMN06465148_GLbulkRNAseq_Aligned.toTranscriptome.out.bam,2837229243,genelab,/geode-py/ws/studies/OSD-218/download?source=datamanager&file=GLDS-218_rna_seq_SAMN06465148_GLbulkRNAseq_Aligned.toTranscriptome.out.bam,False,Aligned Sequence Data,,True,https://osdr.nasa.gov/geode-py/ws/studies/OSD-218/download?source=datamanager&file=GLDS-218_rna_seq_SAMN06465148_GLbulkRNAseq_Aligned.toTranscriptome.out.bam
GeneLab Processed RNA-Seq Files,1787194689.908,1787194689.908,GLDS-218_rna_seq_SAMN06465148_GLbulkRNAseq_Aligned.sortedByCoord_sorted.out.bam.bai,373936,genelab,/geode-py/ws/studies/OSD-218/download?source=datamanager&file=GLDS-218_rna_seq_SAMN06465148_GLbulkRNAseq_Aligned.sortedByCoord_sorted.out.bam.bai,False,Aligned Sequence Data,,True,https://osdr.nasa.gov/geode-py/ws/studies/OSD-218/download?source=datamanager&file=GLDS-218_rna_seq_SAMN06465148_GLbulkRNAseq_Aligned.sortedByCoord_sorted.out.bam.bai
GeneLab Processed RNA-Seq Files,1787194690.006,1787194690.006,GLDS-218_rna_seq_SAMN06465148_GLbulkRNAseq_Aligned.sortedByCoord_sorted.out.bam,2505839443,genelab,/geode-py/ws/studies/OSD-218/download?source=datamanager&file=GLDS-218_rna_seq_SAMN06465148_GLbulkRNAseq_Aligned.sortedByCoord_sorted.out.bam,False,Aligned Sequence Data,,True,https://osdr.nasa.gov/geode-py/ws/studies/OSD-218/download?source=datamanager&file=GLDS-218_rna_seq_SAMN06465148_GLbulkRNAseq_Aligned.sortedByCoord_sorted.out.bam
GeneLab Processed RNA-Seq Files,1787194690.104,1787194690.104,GLDS-218_rna_seq_SAMN06465146_GLbulkRNAseq_SJ.out.tab,3912566,genelab,/geode-py/ws/studies/OSD-218/download?source=datamanager&file=GLDS-218_rna_seq_SAMN06465146_GLbulkRNAseq_SJ.out.tab,False,Aligned Sequence Data,,True,https://osdr.nasa.gov/geode-py/ws/studies/OSD-218/download?source=datamanager&file=GLDS-218_rna_seq_SAMN06465146_GLbulkRNAseq_SJ.out.tab
GeneLab Processed RNA-Seq Files,1787194690.201,1787194690.201,GLDS-218_rna_seq_SAMN06465146_GLbulkRNAseq_Aligned.toTranscriptome.out.bam,2607057590,genelab,/geode-py/ws/studies/OSD-218/download?source=datamanager&file=GLDS-218_rna_seq_SAMN06465146_GLbulkRNAseq_Aligned.toTranscriptome.out.bam,False,Aligned Sequence Data,,True,https://osdr.nasa.gov/geode-py/ws/studies/OSD-218/download?source=datamanager&file=GLDS-218_rna_seq_SAMN06465146_GLbulkRNAseq_Aligned.toTranscriptome.out.bam
GeneLab Processed RNA-Seq Files,1787194690.298,1787194690.298,GLDS-218_rna_seq_SAMN06465146_GLbulkRNAseq_Aligned.sortedByCoord_sorted.out.bam.bai,509240,genelab,/geode-py/ws/studies/OSD-218/download?source=datamanager&file=GLDS-218_rna_seq_SAMN06465146_GLbulkRNAseq_Aligned.sortedByCoord_sorted.out.bam.bai,False,Aligned Sequence Data,,True,https://osdr.nasa.gov/geode-py/ws/studies/OSD-218/download?source=datamanager&file=GLDS-218_rna_seq_SAMN06465146_GLbulkRNAseq_Aligned.sortedByCoord_sorted.out.bam.bai
GeneLab Processed RNA-Seq Files,1787194690.394,1787194690.394,GLDS-218_rna_seq_SAMN06465146_GLbulkRNAseq_Aligned.sortedByCoord_sorted.out.bam,2556506960,genelab,/geode-py/ws/studies/OSD-218/download?source=datamanager&file=GLDS-218_rna_seq_SAMN06465146_GLbulkRNAseq_Aligned.sortedByCoord_sorted.out.bam,False,Aligned Sequence Data,,True,https://osdr.nasa.gov/geode-py/ws/studies/OSD-218/download?source=datamanager&file=GLDS-218_rna_seq_SAMN06465146_GLbulkRNAseq_Aligned.sortedByCoord_sorted.out.bam
GeneLab Processed RNA-Seq Files,1787194690.493,1787194690.493,GLDS-218_rna_seq_SAMN06465144_GLbulkRNAseq_SJ.out.tab,3738877,genelab,/geode-py/ws/studies/OSD-218/download?source=datamanager&file=GLDS-218_rna_seq_SAMN06465144_GLbulkRNAseq_SJ.out.tab,False,Aligned Sequence Data,,True,https://osdr.nasa.gov/geode-py/ws/studies/OSD-218/download?source=datamanager&file=GLDS-218_rna_seq_SAMN06465144_GLbulkRNAseq_SJ.out.tab
GeneLab Processed RNA-Seq Files,1787194690.592,1787194690.592,GLDS-218_rna_seq_SAMN06465144_GLbulkRNAseq_Aligned.toTranscriptome.out.bam,2359690339,genelab,/geode-py/ws/studies/OSD-218/download?source=datamanager&file=GLDS-218_rna_seq_SAMN06465144_GLbulkRNAseq_Aligned.toTranscriptome.out.bam,False,Aligned Sequence Data,,True,https://osdr.nasa.gov/geode-py/ws/studies/OSD-218/download?source=datamanager&file=GLDS-218_rna_seq_SAMN06465144_GLbulkRNAseq_Aligned.toTranscriptome.out.bam
GeneLab Processed RNA-Seq Files,1787194690.689,1787194690.689,GLDS-218_rna_seq_SAMN06465144_GLbulkRNAseq_Aligned.sortedByCoord_sorted.out.bam.bai,348992,genelab,/geode-py/ws/studies/OSD-218/download?source=datamanager&file=GLDS-218_rna_seq_SAMN06465144_GLbulkRNAseq_Aligned.sortedByCoord_sorted.out.bam.bai,False,Aligned Sequence Data,,True,https://osdr.nasa.gov/geode-py/ws/studies/OSD-218/download?source=datamanager&file=GLDS-218_rna_seq_SAMN06465144_GLbulkRNAseq_Aligned.sortedByCoord_sorted.out.bam.bai
GeneLab Processed RNA-Seq Files,1787194690.787,1787194690.787,GLDS-218_rna_seq_SAMN06465144_GLbulkRNAseq_Aligned.sortedByCoord_sorted.out.bam,2240817011,genelab,/geode-py/ws/studies/OSD-218/download?source=datamanager&file=GLDS-218_rna_seq_SAMN06465144_GLbulkRNAseq_Aligned.sortedByCoord_sorted.out.bam,False,Aligned Sequence Data,,True,https://osdr.nasa.gov/geode-py/ws/studies/OSD-218/download?source=datamanager&file=GLDS-218_rna_seq_SAMN06465144_GLbulkRNAseq_Aligned.sortedByCoord_sorted.out.bam
GeneLab Processed RNA-Seq Files,1787194690.886,1787194690.886,GLDS-218_rna_seq_SAMN06465142_GLbulkRNAseq_SJ.out.tab,3744399,genelab,/geode-py/ws/studies/OSD-218/download?source=datamanager&file=GLDS-218_rna_seq_SAMN06465142_GLbulkRNAseq_SJ.out.tab,False,Aligned Sequence Data,,True,https://osdr.nasa.gov/geode-py/ws/studies/OSD-218/download?source=datamanager&file=GLDS-218_rna_seq_SAMN06465142_GLbulkRNAseq_SJ.out.tab
GeneLab Processed RNA-Seq Files,1787194690.983,1787194690.983,GLDS-218_rna_seq_SAMN06465142_GLbulkRNAseq_Aligned.toTranscriptome.out.bam,2375206795,genelab,/geode-py/ws/studies/OSD-218/download?source=datamanager&file=GLDS-218_rna_seq_SAMN06465142_GLbulkRNAseq_Aligned.toTranscriptome.out.bam,False,Aligned Sequence Data,,True,https://osdr.nasa.gov/geode-py/ws/studies/OSD-218/download?source=datamanager&file=GLDS-218_rna_seq_SAMN06465142_GLbulkRNAseq_Aligned.toTranscriptome.out.bam
GeneLab Processed RNA-Seq Files,1787194691.081,1787194691.081,GLDS-218_rna_seq_SAMN06465142_GLbulkRNAseq_Aligned.sortedByCoord_sorted.out.bam.bai,387416,genelab,/geode-py/ws/studies/OSD-218/download?source=datamanager&file=GLDS-218_rna_seq_SAMN06465142_GLbulkRNAseq_Aligned.sortedByCoord_sorted.out.bam.bai,False,Aligned Sequence Data,,True,https://osdr.nasa.gov/geode-py/ws/studies/OSD-218/download?source=datamanager&file=GLDS-218_rna_seq_SAMN06465142_GLbulkRNAseq_Aligned.sortedByCoord_sorted.out.bam.bai
GeneLab Processed RNA-Seq Files,1787194691.177,1787194691.177,GLDS-218_rna_seq_SAMN06465142_GLbulkRNAseq_Aligned.sortedByCoord_sorted.out.bam,2213302227,genelab,/geode-py/ws/studies/OSD-218/download?source=datamanager&file=GLDS-218_rna_seq_SAMN06465142_GLbulkRNAseq_Aligned.sortedByCoord_sorted.out.bam,False,Aligned Sequence Data,,True,https://osdr.nasa.gov/geode-py/ws/studies/OSD-218/download?source=datamanager&file=GLDS-218_rna_seq_SAMN06465142_GLbulkRNAseq_Aligned.sortedByCoord_sorted.out.bam
RNA-Seq,1787194691.275,1787194691.275,GLDS-218_rna-seq_raw_md5sum_GLbulkRNAseq.tsv,4930,genelab,/geode-py/ws/studies/OSD-218/download?source=datamanager&file=GLDS-218_rna-seq_raw_md5sum_GLbulkRNAseq.tsv,False,MD5 Checksums,,True,https://osdr.nasa.gov/geode-py/ws/studies/OSD-218/download?source=datamanager&file=GLDS-218_rna-seq_raw_md5sum_GLbulkRNAseq.tsv
RNA-Seq,1646895868.359,1646895868.359,GLDS-218_rna-seq_SAMN06465142.tar.gz,2069114730,genelab,/geode-py/ws/studies/OSD-218/download?source=datamanager&file=GLDS-218_rna-seq_SAMN06465142.tar.gz,False,Raw sequence data,,True,https://osdr.nasa.gov/geode-py/ws/studies/OSD-218/download?source=datamanager&file=GLDS-218_rna-seq_SAMN06465142.tar.gz
RNA-Seq,1646895868.394,1646895868.394,GLDS-218_rna-seq_SAMN06465144.tar.gz,2084144087,genelab,/geode-py/ws/studies/OSD-218/download?source=datamanager&file=GLDS-218_rna-seq_SAMN06465144.tar.gz,False,Raw sequence data,,True,https://osdr.nasa.gov/geode-py/ws/studies/OSD-218/download?source=datamanager&file=GLDS-218_rna-seq_SAMN06465144.tar.gz
RNA-Seq,1646895868.429,1646895868.429,GLDS-218_rna-seq_SAMN06465146.tar.gz,2325828970,genelab,/geode-py/ws/studies/OSD-218/download?source=datamanager&file=GLDS-218_rna-seq_SAMN06465146.tar.gz,False,Raw sequence data,,True,https://osdr.nasa.gov/geode-py/ws/studies/OSD-218/download?source=datamanager&file=GLDS-218_rna-seq_SAMN06465146.tar.gz
RNA-Seq,1646895868.463,1646895868.463,GLDS-218_rna-seq_SAMN06465148.tar.gz,2413463341,genelab,/geode-py/ws/studies/OSD-218/download?source=datamanager&file=GLDS-218_rna-seq_SAMN06465148.tar.gz,False,Raw sequence data,,True,https://osdr.nasa.gov/geode-py/ws/studies/OSD-218/download?source=datamanager&file=GLDS-218_rna-seq_SAMN06465148.tar.gz
RNA-Seq,1646895868.498,1646895868.498,GLDS-218_rna-seq_SAMN06465150.tar.gz,2130127838,genelab,/geode-py/ws/studies/OSD-218/download?source=datamanager&file=GLDS-218_rna-seq_SAMN06465150.tar.gz,False,Raw sequence data,,True,https://osdr.nasa.gov/geode-py/ws/studies/OSD-218/download?source=datamanager&file=GLDS-218_rna-seq_SAMN06465150.tar.gz
RNA-Seq,1646895868.533,1646895868.533,GLDS-218_rna-seq_SAMN06465152.tar.gz,2801922023,genelab,/geode-py/ws/studies/OSD-218/download?source=datamanager&file=GLDS-218_rna-seq_SAMN06465152.tar.gz,False,Raw sequence data,,True,https://osdr.nasa.gov/geode-py/ws/studies/OSD-218/download?source=datamanager&file=GLDS-218_rna-seq_SAMN06465152.tar.gz
RNA-Seq,1646895868.568,1646895868.568,GLDS-218_rna-seq_SAMN06465155.tar.gz,1988871795,genelab,/geode-py/ws/studies/OSD-218/download?source=datamanager&file=GLDS-218_rna-seq_SAMN06465155.tar.gz,False,Raw sequence data,,True,https://osdr.nasa.gov/geode-py/ws/studies/OSD-218/download?source=datamanager&file=GLDS-218_rna-seq_SAMN06465155.tar.gz
RNA-Seq,1646895868.605,1646895868.605,GLDS-218_rna-seq_SAMN06465157.tar.gz,1949995653,genelab,/geode-py/ws/studies/OSD-218/download?source=datamanager&file=GLDS-218_rna-seq_SAMN06465157.tar.gz,False,Raw sequence data,,True,https://osdr.nasa.gov/geode-py/ws/studies/OSD-218/download?source=datamanager&file=GLDS-218_rna-seq_SAMN06465157.tar.gz
RNA-Seq,1646895868.642,1646895868.642,GLDS-218_rna-seq_SAMN06465160.tar.gz,1808071611,genelab,/geode-py/ws/studies/OSD-218/download?source=datamanager&file=GLDS-218_rna-seq_SAMN06465160.tar.gz,False,Raw sequence data,,True,https://osdr.nasa.gov/geode-py/ws/studies/OSD-218/download?source=datamanager&file=GLDS-218_rna-seq_SAMN06465160.tar.gz
RNA-Seq,1646895868.68,1646895868.68,GLDS-218_rna-seq_SAMN06465163.tar.gz,1985006286,genelab,/geode-py/ws/studies/OSD-218/download?source=datamanager&file=GLDS-218_rna-seq_SAMN06465163.tar.gz,False,Raw sequence data,,True,https://osdr.nasa.gov/geode-py/ws/studies/OSD-218/download?source=datamanager&file=GLDS-218_rna-seq_SAMN06465163.tar.gz
RNA-Seq,1646895868.717,1646895868.717,GLDS-218_rna-seq_SAMN06465165.tar.gz,1917548741,genelab,/geode-py/ws/studies/OSD-218/download?source=datamanager&file=GLDS-218_rna-seq_SAMN06465165.tar.gz,False,Raw sequence data,,True,https://osdr.nasa.gov/geode-py/ws/studies/OSD-218/download?source=datamanager&file=GLDS-218_rna-seq_SAMN06465165.tar.gz
RNA-Seq,1646895868.755,1646895868.755,GLDS-218_rna-seq_SAMN06465168.tar.gz,1668273250,genelab,/geode-py/ws/studies/OSD-218/download?source=datamanager&file=GLDS-218_rna-seq_SAMN06465168.tar.gz,False,Raw sequence data,,True,https://osdr.nasa.gov/geode-py/ws/studies/OSD-218/download?source=datamanager&file=GLDS-218_rna-seq_SAMN06465168.tar.gz
RNA-Seq,1646895868.793,1646895868.793,GLDS-218_rna-seq_SAMN06465170.tar.gz,2011964704,genelab,/geode-py/ws/studies/OSD-218/download?source=datamanager&file=GLDS-218_rna-seq_SAMN06465170.tar.gz,False,Raw sequence data,,True,https://osdr.nasa.gov/geode-py/ws/studies/OSD-218/download?source=datamanager&file=GLDS-218_rna-seq_SAMN06465170.tar.gz
RNA-Seq,1646895868.833,1646895868.833,GLDS-218_rna-seq_SAMN06465172.tar.gz,1929333960,genelab,/geode-py/ws/studies/OSD-218/download?source=datamanager&file=GLDS-218_rna-seq_SAMN06465172.tar.gz,False,Raw sequence data,,True,https://osdr.nasa.gov/geode-py/ws/studies/OSD-218/download?source=datamanager&file=GLDS-218_rna-seq_SAMN06465172.tar.gz
RNA-Seq,1646895868.881,1646895868.881,GLDS-218_rna-seq_SAMN06465174.tar.gz,1539734768,genelab,/geode-py/ws/studies/OSD-218/download?source=datamanager&file=GLDS-218_rna-seq_SAMN06465174.tar.gz,False,Raw sequence data,,True,https://osdr.nasa.gov/geode-py/ws/studies/OSD-218/download?source=datamanager&file=GLDS-218_rna-seq_SAMN06465174.tar.gz
RNA-Seq,1646895868.921,1646895868.921,GLDS-218_rna-seq_SAMN06465177.tar.gz,1741202537,genelab,/geode-py/ws/studies/OSD-218/download?source=datamanager&file=GLDS-218_rna-seq_SAMN06465177.tar.gz,False,Raw sequence data,,True,https://osdr.nasa.gov/geode-py/ws/studies/OSD-218/download?source=datamanager&file=GLDS-218_rna-seq_SAMN06465177.tar.gz
RNA-Seq,1646895868.96,1646895868.96,GLDS-218_rna-seq_SAMN06465179.tar.gz,2203578181,genelab,/geode-py/ws/studies/OSD-218/download?source=datamanager&file=GLDS-218_rna-seq_SAMN06465179.tar.gz,False,Raw sequence data,,True,https://osdr.nasa.gov/geode-py/ws/studies/OSD-218/download?source=datamanager&file=GLDS-218_rna-seq_SAMN06465179.tar.gz
RNA-Seq,1646895868.994,1646895868.994,GLDS-218_rna-seq_SAMN06465181.tar.gz,1749330145,genelab,/geode-py/ws/studies/OSD-218/download?source=datamanager&file=GLDS-218_rna-seq_SAMN06465181.tar.gz,False,Raw sequence data,,True,https://osdr.nasa.gov/geode-py/ws/studies/OSD-218/download?source=datamanager&file=GLDS-218_rna-seq_SAMN06465181.tar.gz
RNA-Seq,1646895869.028,1646895869.028,GLDS-218_rna-seq_SAMN06465183.tar.gz,1834608692,genelab,/geode-py/ws/studies/OSD-218/download?source=datamanager&file=GLDS-218_rna-seq_SAMN06465183.tar.gz,False,Raw sequence data,,True,https://osdr.nasa.gov/geode-py/ws/studies/OSD-218/download?source=datamanager&file=GLDS-218_rna-seq_SAMN06465183.tar.gz
RNA-Seq,1646895869.062,1646895869.062,GLDS-218_rna-seq_SAMN06465187.tar.gz,2423899640,genelab,/geode-py/ws/studies/OSD-218/download?source=datamanager&file=GLDS-218_rna-seq_SAMN06465187.tar.gz,False,Raw sequence data,,True,https://osdr.nasa.gov/geode-py/ws/studies/OSD-218/download?source=datamanager&file=GLDS-218_rna-seq_SAMN06465187.tar.gz
RNA-Seq,1646895869.096,1646895869.096,GLDS-218_rna-seq_SAMN06465190.tar.gz,1845820240,genelab,/geode-py/ws/studies/OSD-218/download?source=datamanager&file=GLDS-218_rna-seq_SAMN06465190.tar.gz,False,Raw sequence data,,True,https://osdr.nasa.gov/geode-py/ws/studies/OSD-218/download?source=datamanager&file=GLDS-218_rna-seq_SAMN06465190.tar.gz
RNA-Seq,1646895869.131,1646895869.131,GLDS-218_rna-seq_SAMN06465194.tar.gz,2162743588,genelab,/geode-py/ws/studies/OSD-218/download?source=datamanager&file=GLDS-218_rna-seq_SAMN06465194.tar.gz,False,Raw sequence data,,True,https://osdr.nasa.gov/geode-py/ws/studies/OSD-218/download?source=datamanager&file=GLDS-218_rna-seq_SAMN06465194.tar.gz
RNA-Seq,1646895869.165,1646895869.165,GLDS-218_rna-seq_SAMN06465197.tar.gz,2413113026,genelab,/geode-py/ws/studies/OSD-218/download?source=datamanager&file=GLDS-218_rna-seq_SAMN06465197.tar.gz,False,Raw sequence data,,True,https://osdr.nasa.gov/geode-py/ws/studies/OSD-218/download?source=datamanager&file=GLDS-218_rna-seq_SAMN06465197.tar.gz
RNA-Seq,1646895869.198,1646895869.198,GLDS-218_rna-seq_SAMN06465201.tar.gz,2095693415,genelab,/geode-py/ws/studies/OSD-218/download?source=datamanager&file=GLDS-218_rna-seq_SAMN06465201.tar.gz,False,Raw sequence data,,True,https://osdr.nasa.gov/geode-py/ws/studies/OSD-218/download?source=datamanager&file=GLDS-218_rna-seq_SAMN06465201.tar.gz
RNA-Seq,1646895869.233,1646895869.233,GLDS-218_rna-seq_SAMN06465267.tar.gz,2174031620,genelab,/geode-py/ws/studies/OSD-218/download?source=datamanager&file=GLDS-218_rna-seq_SAMN06465267.tar.gz,False,Raw sequence data,,True,https://osdr.nasa.gov/geode-py/ws/studies/OSD-218/download?source=datamanager&file=GLDS-218_rna-seq_SAMN06465267.tar.gz
RNA-Seq,1646895869.266,1646895869.266,GLDS-218_rna-seq_SAMN06465268.tar.gz,2031858627,genelab,/geode-py/ws/studies/OSD-218/download?source=datamanager&file=GLDS-218_rna-seq_SAMN06465268.tar.gz,False,Raw sequence data,,True,https://osdr.nasa.gov/geode-py/ws/studies/OSD-218/download?source=datamanager&file=GLDS-218_rna-seq_SAMN06465268.tar.gz
RNA-Seq,1646895869.299,1646895869.299,GLDS-218_rna-seq_SAMN06465269.tar.gz,2018499276,genelab,/geode-py/ws/studies/OSD-218/download?source=datamanager&file=GLDS-218_rna-seq_SAMN06465269.tar.gz,False,Raw sequence data,,True,https://osdr.nasa.gov/geode-py/ws/studies/OSD-218/download?source=datamanager&file=GLDS-218_rna-seq_SAMN06465269.tar.gz
RNA-Seq,1646895869.333,1646895869.333,GLDS-218_rna-seq_SAMN06465270.tar.gz,1985648058,genelab,/geode-py/ws/studies/OSD-218/download?source=datamanager&file=GLDS-218_rna-seq_SAMN06465270.tar.gz,False,Raw sequence data,,True,https://osdr.nasa.gov/geode-py/ws/studies/OSD-218/download?source=datamanager&file=GLDS-218_rna-seq_SAMN06465270.tar.gz
RNA-Seq,1646895869.366,1646895869.366,GLDS-218_rna-seq_SAMN06465272.tar.gz,2038674273,genelab,/geode-py/ws/studies/OSD-218/download?source=datamanager&file=GLDS-218_rna-seq_SAMN06465272.tar.gz,False,Raw sequence data,,True,https://osdr.nasa.gov/geode-py/ws/studies/OSD-218/download?source=datamanager&file=GLDS-218_rna-seq_SAMN06465272.tar.gz
RNA-Seq,1646895869.399,1646895869.399,GLDS-218_rna-seq_SAMN06465273.tar.gz,1874133825,genelab,/geode-py/ws/studies/OSD-218/download?source=datamanager&file=GLDS-218_rna-seq_SAMN06465273.tar.gz,False,Raw sequence data,,True,https://osdr.nasa.gov/geode-py/ws/studies/OSD-218/download?source=datamanager&file=GLDS-218_rna-seq_SAMN06465273.tar.gz
RNA-Seq,1646895869.433,1646895869.433,GLDS-218_rna-seq_SAMN06465275.tar.gz,2059664481,genelab,/geode-py/ws/studies/OSD-218/download?source=datamanager&file=GLDS-218_rna-seq_SAMN06465275.tar.gz,False,Raw sequence data,,True,https://osdr.nasa.gov/geode-py/ws/studies/OSD-218/download?source=datamanager&file=GLDS-218_rna-seq_SAMN06465275.tar.gz
RNA-Seq,1646895869.466,1646895869.466,GLDS-218_rna-seq_SAMN06465276.tar.gz,1808821518,genelab,/geode-py/ws/studies/OSD-218/download?source=datamanager&file=GLDS-218_rna-seq_SAMN06465276.tar.gz,False,Raw sequence data,,True,https://osdr.nasa.gov/geode-py/ws/studies/OSD-218/download?source=datamanager&file=GLDS-218_rna-seq_SAMN06465276.tar.gz
RNA-Seq,1571910537.858,1571910537.858,GLDS-218_rna-seq_SRR5306009_1.fastq.gz,717119508,genelab,/geode-py/ws/studies/OSD-218/download?source=datamanager&file=GLDS-218_rna-seq_SRR5306009_1.fastq.gz,False,Raw sequence data,,True,https://osdr.nasa.gov/geode-py/ws/studies/OSD-218/download?source=datamanager&file=GLDS-218_rna-seq_SRR5306009_1.fastq.gz
RNA-Seq,1571910541.098,1571910541.098,GLDS-218_rna-seq_SRR5305991_2.fastq.gz,881563696,genelab,/geode-py/ws/studies/OSD-218/download?source=datamanager&file=GLDS-218_rna-seq_SRR5305991_2.fastq.gz,False,Raw sequence data,,True,https://osdr.nasa.gov/geode-py/ws/studies/OSD-218/download?source=datamanager&file=GLDS-218_rna-seq_SRR5305991_2.fastq.gz
RNA-Seq,1571910560.743,1571910560.743,GLDS-218_rna-seq_SRR5306015_2.fastq.gz,855268558,genelab,/geode-py/ws/studies/OSD-218/download?source=datamanager&file=GLDS-218_rna-seq_SRR5306015_2.fastq.gz,False,Raw sequence data,,True,https://osdr.nasa.gov/geode-py/ws/studies/OSD-218/download?source=datamanager&file=GLDS-218_rna-seq_SRR5306015_2.fastq.gz
RNA-Seq,1571910540.388,1571910540.388,GLDS-218_rna-seq_SRR5305997_1.fastq.gz,843204732,genelab,/geode-py/ws/studies/OSD-218/download?source=datamanager&file=GLDS-218_rna-seq_SRR5305997_1.fastq.gz,False,Raw sequence data,,True,https://osdr.nasa.gov/geode-py/ws/studies/OSD-218/download?source=datamanager&file=GLDS-218_rna-seq_SRR5305997_1.fastq.gz
RNA-Seq,1571910537.34,1571910537.34,GLDS-218_rna-seq_SRR5306015_1.fastq.gz,697955411,genelab,/geode-py/ws/studies/OSD-218/download?source=datamanager&file=GLDS-218_rna-seq_SRR5306015_1.fastq.gz,False,Raw sequence data,,True,https://osdr.nasa.gov/geode-py/ws/studies/OSD-218/download?source=datamanager&file=GLDS-218_rna-seq_SRR5306015_1.fastq.gz
RNA-Seq,1571910538.905,1571910538.905,GLDS-218_rna-seq_SRR5306006_2.fastq.gz,838407914,genelab,/geode-py/ws/studies/OSD-218/download?source=datamanager&file=GLDS-218_rna-seq_SRR5306006_2.fastq.gz,False,Raw sequence data,,True,https://osdr.nasa.gov/geode-py/ws/studies/OSD-218/download?source=datamanager&file=GLDS-218_rna-seq_SRR5306006_2.fastq.gz
RNA-Seq,1571910559.623,1571910559.623,GLDS-218_rna-seq_SRR5305988_2.fastq.gz,883324361,genelab,/geode-py/ws/studies/OSD-218/download?source=datamanager&file=GLDS-218_rna-seq_SRR5305988_2.fastq.gz,False,Raw sequence data,,True,https://osdr.nasa.gov/geode-py/ws/studies/OSD-218/download?source=datamanager&file=GLDS-218_rna-seq_SRR5305988_2.fastq.gz
RNA-Seq,1571910537.579,1571910537.579,GLDS-218_rna-seq_SRR5305994_1.fastq.gz,795351702,genelab,/geode-py/ws/studies/OSD-218/download?source=datamanager&file=GLDS-218_rna-seq_SRR5305994_1.fastq.gz,False,Raw sequence data,,True,https://osdr.nasa.gov/geode-py/ws/studies/OSD-218/download?source=datamanager&file=GLDS-218_rna-seq_SRR5305994_1.fastq.gz
RNA-Seq,1571910567.326,1571910567.326,GLDS-218_rna-seq_SRR5305994_2.fastq.gz,976225595,genelab,/geode-py/ws/studies/OSD-218/download?source=datamanager&file=GLDS-218_rna-seq_SRR5305994_2.fastq.gz,False,Raw sequence data,,True,https://osdr.nasa.gov/geode-py/ws/studies/OSD-218/download?source=datamanager&file=GLDS-218_rna-seq_SRR5305994_2.fastq.gz
RNA-Seq,1571910545.34,1571910545.34,GLDS-218_rna-seq_SRR5306000_2.fastq.gz,975888271,genelab,/geode-py/ws/studies/OSD-218/download?source=datamanager&file=GLDS-218_rna-seq_SRR5306000_2.fastq.gz,False,Raw sequence data,,True,https://osdr.nasa.gov/geode-py/ws/studies/OSD-218/download?source=datamanager&file=GLDS-218_rna-seq_SRR5306000_2.fastq.gz
RNA-Seq,1571910560.624,1571910560.624,GLDS-218_rna-seq_SRR5306004_1.fastq.gz,1005949440,genelab,/geode-py/ws/studies/OSD-218/download?source=datamanager&file=GLDS-218_rna-seq_SRR5306004_1.fastq.gz,False,Raw sequence data,,True,https://osdr.nasa.gov/geode-py/ws/studies/OSD-218/download?source=datamanager&file=GLDS-218_rna-seq_SRR5306004_1.fastq.gz
RNA-Seq,1571910554.948,1571910554.948,GLDS-218_rna-seq_SRR5306007_1.fastq.gz,1035494538,genelab,/geode-py/ws/studies/OSD-218/download?source=datamanager&file=GLDS-218_rna-seq_SRR5306007_1.fastq.gz,False,Raw sequence data,,True,https://osdr.nasa.gov/geode-py/ws/studies/OSD-218/download?source=datamanager&file=GLDS-218_rna-seq_SRR5306007_1.fastq.gz
RNA-Seq,1571910579.569,1571910579.569,GLDS-218_rna-seq_SRR5305999_1.fastq.gz,1033028829,genelab,/geode-py/ws/studies/OSD-218/download?source=datamanager&file=GLDS-218_rna-seq_SRR5305999_1.fastq.gz,False,Raw sequence data,,True,https://osdr.nasa.gov/geode-py/ws/studies/OSD-218/download?source=datamanager&file=GLDS-218_rna-seq_SRR5305999_1.fastq.gz
RNA-Seq,1571910537.187,1571910537.187,GLDS-218_rna-seq_SRR5305991_1.fastq.gz,721102431,genelab,/geode-py/ws/studies/OSD-218/download?source=datamanager&file=GLDS-218_rna-seq_SRR5305991_1.fastq.gz,False,Raw sequence data,,True,https://osdr.nasa.gov/geode-py/ws/studies/OSD-218/download?source=datamanager&file=GLDS-218_rna-seq_SRR5305991_1.fastq.gz
RNA-Seq,1571910557.401,1571910557.401,GLDS-218_rna-seq_SRR5306002_1.fastq.gz,1096815775,genelab,/geode-py/ws/studies/OSD-218/download?source=datamanager&file=GLDS-218_rna-seq_SRR5306002_1.fastq.gz,False,Raw sequence data,,True,https://osdr.nasa.gov/geode-py/ws/studies/OSD-218/download?source=datamanager&file=GLDS-218_rna-seq_SRR5306002_1.fastq.gz
RNA-Seq,1571910544.517,1571910544.517,GLDS-218_rna-seq_SRR5305989_1.fastq.gz,1002322427,genelab,/geode-py/ws/studies/OSD-218/download?source=datamanager&file=GLDS-218_rna-seq_SRR5305989_1.fastq.gz,False,Raw sequence data,,True,https://osdr.nasa.gov/geode-py/ws/studies/OSD-218/download?source=datamanager&file=GLDS-218_rna-seq_SRR5305989_1.fastq.gz
RNA-Seq,1571910546.517,1571910546.517,GLDS-218_rna-seq_SRR5305990_2.fastq.gz,1146580951,genelab,/geode-py/ws/studies/OSD-218/download?source=datamanager&file=GLDS-218_rna-seq_SRR5305990_2.fastq.gz,False,Raw sequence data,,True,https://osdr.nasa.gov/geode-py/ws/studies/OSD-218/download?source=datamanager&file=GLDS-218_rna-seq_SRR5305990_2.fastq.gz
RNA-Seq,1571910551.722,1571910551.722,GLDS-218_rna-seq_SRR5306005_2.fastq.gz,1154793506,genelab,/geode-py/ws/studies/OSD-218/download?source=datamanager&file=GLDS-218_rna-seq_SRR5306005_2.fastq.gz,False,Raw sequence data,,True,https://osdr.nasa.gov/geode-py/ws/studies/OSD-218/download?source=datamanager&file=GLDS-218_rna-seq_SRR5306005_2.fastq.gz
RNA-Seq,1571910549.095,1571910549.095,GLDS-218_rna-seq_SRR5305986_1.fastq.gz,1135400592,genelab,/geode-py/ws/studies/OSD-218/download?source=datamanager&file=GLDS-218_rna-seq_SRR5305986_1.fastq.gz,False,Raw sequence data,,True,https://osdr.nasa.gov/geode-py/ws/studies/OSD-218/download?source=datamanager&file=GLDS-218_rna-seq_SRR5305986_1.fastq.gz
RNA-Seq,1571910570.537,1571910570.537,GLDS-218_rna-seq_SRR5305987_2.fastq.gz,1193998339,genelab,/geode-py/ws/studies/OSD-218/download?source=datamanager&file=GLDS-218_rna-seq_SRR5305987_2.fastq.gz,False,Raw sequence data,,True,https://osdr.nasa.gov/geode-py/ws/studies/OSD-218/download?source=datamanager&file=GLDS-218_rna-seq_SRR5305987_2.fastq.gz
RNA-Seq,1571910545.44,1571910545.44,GLDS-218_rna-seq_SRR5306012_2.fastq.gz,1197451710,genelab,/geode-py/ws/studies/OSD-218/download?source=datamanager&file=GLDS-218_rna-seq_SRR5306012_2.fastq.gz,False,Raw sequence data,,True,https://osdr.nasa.gov/geode-py/ws/studies/OSD-218/download?source=datamanager&file=GLDS-218_rna-seq_SRR5306012_2.fastq.gz
RNA-Seq,1571910544.971,1571910544.971,GLDS-218_rna-seq_SRR5305993_1.fastq.gz,1056191981,genelab,/geode-py/ws/studies/OSD-218/download?source=datamanager&file=GLDS-218_rna-seq_SRR5305993_1.fastq.gz,False,Raw sequence data,,True,https://osdr.nasa.gov/geode-py/ws/studies/OSD-218/download?source=datamanager&file=GLDS-218_rna-seq_SRR5305993_1.fastq.gz
RNA-Seq,1571910571.075,1571910571.075,GLDS-218_rna-seq_SRR5305999_2.fastq.gz,1248589026,genelab,/geode-py/ws/studies/OSD-218/download?source=datamanager&file=GLDS-218_rna-seq_SRR5305999_2.fastq.gz,False,Raw sequence data,,True,https://osdr.nasa.gov/geode-py/ws/studies/OSD-218/download?source=datamanager&file=GLDS-218_rna-seq_SRR5305999_2.fastq.gz
RNA-Seq,1571910561.302,1571910561.302,GLDS-218_rna-seq_SRR5305998_1.fastq.gz,1088500752,genelab,/geode-py/ws/studies/OSD-218/download?source=datamanager&file=GLDS-218_rna-seq_SRR5305998_1.fastq.gz,False,Raw sequence data,,True,https://osdr.nasa.gov/geode-py/ws/studies/OSD-218/download?source=datamanager&file=GLDS-218_rna-seq_SRR5305998_1.fastq.gz
RNA-Seq,1571910547.148,1571910547.148,GLDS-218_rna-seq_SRR5306014_2.fastq.gz,1120712234,genelab,/geode-py/ws/studies/OSD-218/download?source=datamanager&file=GLDS-218_rna-seq_SRR5306014_2.fastq.gz,False,Raw sequence data,,True,https://osdr.nasa.gov/geode-py/ws/studies/OSD-218/download?source=datamanager&file=GLDS-218_rna-seq_SRR5306014_2.fastq.gz
RNA-Seq,1571910569.418,1571910569.419,GLDS-218_rna-seq_SRR5306020_2.fastq.gz,1136692128,genelab,/geode-py/ws/studies/OSD-218/download?source=datamanager&file=GLDS-218_rna-seq_SRR5306020_2.fastq.gz,False,Raw sequence data,,True,https://osdr.nasa.gov/geode-py/ws/studies/OSD-218/download?source=datamanager&file=GLDS-218_rna-seq_SRR5306020_2.fastq.gz
RNA-Seq,1571910552.555,1571910552.555,GLDS-218_rna-seq_SRR5305986_2.fastq.gz,1296634836,genelab,/geode-py/ws/studies/OSD-218/download?source=datamanager&file=GLDS-218_rna-seq_SRR5305986_2.fastq.gz,False,Raw sequence data,,True,https://osdr.nasa.gov/geode-py/ws/studies/OSD-218/download?source=datamanager&file=GLDS-218_rna-seq_SRR5305986_2.fastq.gz
RNA-Seq,1571910541.911,1571910541.911,GLDS-218_rna-seq_SRR5305987_1.fastq.gz,1046808097,genelab,/geode-py/ws/studies/OSD-218/download?source=datamanager&file=GLDS-218_rna-seq_SRR5305987_1.fastq.gz,False,Raw sequence data,,True,https://osdr.nasa.gov/geode-py/ws/studies/OSD-218/download?source=datamanager&file=GLDS-218_rna-seq_SRR5305987_1.fastq.gz
RNA-Seq,1571910552.377,1571910552.377,GLDS-218_rna-seq_SRR5306002_2.fastq.gz,1328618552,genelab,/geode-py/ws/studies/OSD-218/download?source=datamanager&file=GLDS-218_rna-seq_SRR5306002_2.fastq.gz,False,Raw sequence data,,True,https://osdr.nasa.gov/geode-py/ws/studies/OSD-218/download?source=datamanager&file=GLDS-218_rna-seq_SRR5306002_2.fastq.gz
RNA-Seq,1571910562.148,1571910562.148,GLDS-218_rna-seq_SRR5306021_2.fastq.gz,888334075,genelab,/geode-py/ws/studies/OSD-218/download?source=datamanager&file=GLDS-218_rna-seq_SRR5306021_2.fastq.gz,False,Raw sequence data,,True,https://osdr.nasa.gov/geode-py/ws/studies/OSD-218/download?source=datamanager&file=GLDS-218_rna-seq_SRR5306021_2.fastq.gz
RNA-Seq,1571910550.787,1571910550.787,GLDS-218_rna-seq_SRR5306010_1.fastq.gz,1307442266,genelab,/geode-py/ws/studies/OSD-218/download?source=datamanager&file=GLDS-218_rna-seq_SRR5306010_1.fastq.gz,False,Raw sequence data,,True,https://osdr.nasa.gov/geode-py/ws/studies/OSD-218/download?source=datamanager&file=GLDS-218_rna-seq_SRR5306010_1.fastq.gz
RNA-Seq,1571910566.097,1571910566.097,GLDS-218_rna-seq_SRR5306012_1.fastq.gz,977403104,genelab,/geode-py/ws/studies/OSD-218/download?source=datamanager&file=GLDS-218_rna-seq_SRR5306012_1.fastq.gz,False,Raw sequence data,,True,https://osdr.nasa.gov/geode-py/ws/studies/OSD-218/download?source=datamanager&file=GLDS-218_rna-seq_SRR5306012_1.fastq.gz
RNA-Seq,1571910548.684,1571910548.684,GLDS-218_rna-seq_SRR5305993_2.fastq.gz,1283323059,genelab,/geode-py/ws/studies/OSD-218/download?source=datamanager&file=GLDS-218_rna-seq_SRR5305993_2.fastq.gz,False,Raw sequence data,,True,https://osdr.nasa.gov/geode-py/ws/studies/OSD-218/download?source=datamanager&file=GLDS-218_rna-seq_SRR5305993_2.fastq.gz
RNA-Seq,1571910573.334,1571910573.334,GLDS-218_rna-seq_SRR5306008_2.fastq.gz,1187828100,genelab,/geode-py/ws/studies/OSD-218/download?source=datamanager&file=GLDS-218_rna-seq_SRR5306008_2.fastq.gz,False,Raw sequence data,,True,https://osdr.nasa.gov/geode-py/ws/studies/OSD-218/download?source=datamanager&file=GLDS-218_rna-seq_SRR5306008_2.fastq.gz
RNA-Seq,1571910568.003,1571910568.003,GLDS-218_rna-seq_SRR5306001_2.fastq.gz,1420679626,genelab,/geode-py/ws/studies/OSD-218/download?source=datamanager&file=GLDS-218_rna-seq_SRR5306001_2.fastq.gz,False,Raw sequence data,,True,https://osdr.nasa.gov/geode-py/ws/studies/OSD-218/download?source=datamanager&file=GLDS-218_rna-seq_SRR5306001_2.fastq.gz
RNA-Seq,1571910559.999,1571910559.999,GLDS-218_rna-seq_SRR5306017_1.fastq.gz,1131007990,genelab,/geode-py/ws/studies/OSD-218/download?source=datamanager&file=GLDS-218_rna-seq_SRR5306017_1.fastq.gz,False,Raw sequence data,,True,https://osdr.nasa.gov/geode-py/ws/studies/OSD-218/download?source=datamanager&file=GLDS-218_rna-seq_SRR5306017_1.fastq.gz
RNA-Seq,1571910544.813,1571910544.813,GLDS-218_rna-seq_SRR5306003_2.fastq.gz,1039977614,genelab,/geode-py/ws/studies/OSD-218/download?source=datamanager&file=GLDS-218_rna-seq_SRR5306003_2.fastq.gz,False,Raw sequence data,,True,https://osdr.nasa.gov/geode-py/ws/studies/OSD-218/download?source=datamanager&file=GLDS-218_rna-seq_SRR5306003_2.fastq.gz
RNA-Seq,1571910557.026,1571910557.026,GLDS-218_rna-seq_SRR5306010_2.fastq.gz,1614960154,genelab,/geode-py/ws/studies/OSD-218/download?source=datamanager&file=GLDS-218_rna-seq_SRR5306010_2.fastq.gz,False,Raw sequence data,,True,https://osdr.nasa.gov/geode-py/ws/studies/OSD-218/download?source=datamanager&file=GLDS-218_rna-seq_SRR5306010_2.fastq.gz
RNA-Seq,1571910535.673,1571910535.673,GLDS-218_rna-seq_SRR5306006_1.fastq.gz,683664689,genelab,/geode-py/ws/studies/OSD-218/download?source=datamanager&file=GLDS-218_rna-seq_SRR5306006_1.fastq.gz,False,Raw sequence data,,True,https://osdr.nasa.gov/geode-py/ws/studies/OSD-218/download?source=datamanager&file=GLDS-218_rna-seq_SRR5306006_1.fastq.gz
RNA-Seq,1571910539.742,1571910539.742,GLDS-218_rna-seq_SRR5306000_1.fastq.gz,798157053,genelab,/geode-py/ws/studies/OSD-218/download?source=datamanager&file=GLDS-218_rna-seq_SRR5306000_1.fastq.gz,False,Raw sequence data,,True,https://osdr.nasa.gov/geode-py/ws/studies/OSD-218/download?source=datamanager&file=GLDS-218_rna-seq_SRR5306000_1.fastq.gz
RNA-Seq,1571910540.683,1571910540.683,GLDS-218_rna-seq_SRR5306003_1.fastq.gz,848238837,genelab,/geode-py/ws/studies/OSD-218/download?source=datamanager&file=GLDS-218_rna-seq_SRR5306003_1.fastq.gz,False,Raw sequence data,,True,https://osdr.nasa.gov/geode-py/ws/studies/OSD-218/download?source=datamanager&file=GLDS-218_rna-seq_SRR5306003_1.fastq.gz
RNA-Seq,1571910536.625,1571910536.625,GLDS-218_rna-seq_SRR5305988_1.fastq.gz,730156220,genelab,/geode-py/ws/studies/OSD-218/download?source=datamanager&file=GLDS-218_rna-seq_SRR5305988_1.fastq.gz,False,Raw sequence data,,True,https://osdr.nasa.gov/geode-py/ws/studies/OSD-218/download?source=datamanager&file=GLDS-218_rna-seq_SRR5305988_1.fastq.gz
RNA-Seq,1571910543.787,1571910543.787,GLDS-218_rna-seq_SRR5305990_1.fastq.gz,948564847,genelab,/geode-py/ws/studies/OSD-218/download?source=datamanager&file=GLDS-218_rna-seq_SRR5305990_1.fastq.gz,False,Raw sequence data,,True,https://osdr.nasa.gov/geode-py/ws/studies/OSD-218/download?source=datamanager&file=GLDS-218_rna-seq_SRR5305990_1.fastq.gz
RNA-Seq,1571910548.457,1571910548.457,GLDS-218_rna-seq_SRR5306018_2.fastq.gz,1072988864,genelab,/geode-py/ws/studies/OSD-218/download?source=datamanager&file=GLDS-218_rna-seq_SRR5306018_2.fastq.gz,False,Raw sequence data,,True,https://osdr.nasa.gov/geode-py/ws/studies/OSD-218/download?source=datamanager&file=GLDS-218_rna-seq_SRR5306018_2.fastq.gz
RNA-Seq,1571910552.488,1571910552.488,GLDS-218_rna-seq_SRR5306016_2.fastq.gz,1456666188,genelab,/geode-py/ws/studies/OSD-218/download?source=datamanager&file=GLDS-218_rna-seq_SRR5306016_2.fastq.gz,False,Raw sequence data,,True,https://osdr.nasa.gov/geode-py/ws/studies/OSD-218/download?source=datamanager&file=GLDS-218_rna-seq_SRR5306016_2.fastq.gz
RNA-Seq,1571910553.072,1571910553.073,GLDS-218_rna-seq_SRR5305996_2.fastq.gz,1386457779,genelab,/geode-py/ws/studies/OSD-218/download?source=datamanager&file=GLDS-218_rna-seq_SRR5305996_2.fastq.gz,False,Raw sequence data,,True,https://osdr.nasa.gov/geode-py/ws/studies/OSD-218/download?source=datamanager&file=GLDS-218_rna-seq_SRR5305996_2.fastq.gz
RNA-Seq,1571910542.824,1571910542.824,GLDS-218_rna-seq_SRR5306008_1.fastq.gz,982455474,genelab,/geode-py/ws/studies/OSD-218/download?source=datamanager&file=GLDS-218_rna-seq_SRR5306008_1.fastq.gz,False,Raw sequence data,,True,https://osdr.nasa.gov/geode-py/ws/studies/OSD-218/download?source=datamanager&file=GLDS-218_rna-seq_SRR5306008_1.fastq.gz
RNA-Seq,1571910571.461,1571910571.461,GLDS-218_rna-seq_SRR5305998_2.fastq.gz,1343966322,genelab,/geode-py/ws/studies/OSD-218/download?source=datamanager&file=GLDS-218_rna-seq_SRR5305998_2.fastq.gz,False,Raw sequence data,,True,https://osdr.nasa.gov/geode-py/ws/studies/OSD-218/download?source=datamanager&file=GLDS-218_rna-seq_SRR5305998_2.fastq.gz
RNA-Seq,1571910580.059,1571910580.059,GLDS-218_rna-seq_SRR5306011_1.fastq.gz,1250884045,genelab,/geode-py/ws/studies/OSD-218/download?source=datamanager&file=GLDS-218_rna-seq_SRR5306011_1.fastq.gz,False,Raw sequence data,,True,https://osdr.nasa.gov/geode-py/ws/studies/OSD-218/download?source=datamanager&file=GLDS-218_rna-seq_SRR5306011_1.fastq.gz
RNA-Seq,1571910546.736,1571910546.736,GLDS-218_rna-seq_SRR5305995_1.fastq.gz,1189904169,genelab,/geode-py/ws/studies/OSD-218/download?source=datamanager&file=GLDS-218_rna-seq_SRR5305995_1.fastq.gz,False,Raw sequence data,,True,https://osdr.nasa.gov/geode-py/ws/studies/OSD-218/download?source=datamanager&file=GLDS-218_rna-seq_SRR5305995_1.fastq.gz
RNA-Seq,1571910542.283,1571910542.283,GLDS-218_rna-seq_SRR5306021_1.fastq.gz,724990802,genelab,/geode-py/ws/studies/OSD-218/download?source=datamanager&file=GLDS-218_rna-seq_SRR5306021_1.fastq.gz,False,Raw sequence data,,True,https://osdr.nasa.gov/geode-py/ws/studies/OSD-218/download?source=datamanager&file=GLDS-218_rna-seq_SRR5306021_1.fastq.gz
RNA-Seq,1571910548.43,1571910548.43,GLDS-218_rna-seq_SRR5306013_2.fastq.gz,1208916735,genelab,/geode-py/ws/studies/OSD-218/download?source=datamanager&file=GLDS-218_rna-seq_SRR5306013_2.fastq.gz,False,Raw sequence data,,True,https://osdr.nasa.gov/geode-py/ws/studies/OSD-218/download?source=datamanager&file=GLDS-218_rna-seq_SRR5306013_2.fastq.gz
RNA-Seq,1571910548.386,1571910548.386,GLDS-218_rna-seq_SRR5305996_1.fastq.gz,1138490571,genelab,/geode-py/ws/studies/OSD-218/download?source=datamanager&file=GLDS-218_rna-seq_SRR5305996_1.fastq.gz,False,Raw sequence data,,True,https://osdr.nasa.gov/geode-py/ws/studies/OSD-218/download?source=datamanager&file=GLDS-218_rna-seq_SRR5305996_1.fastq.gz
RNA-Seq,1571910557.403,1571910557.403,GLDS-218_rna-seq_SRR5306014_1.fastq.gz,927081523,genelab,/geode-py/ws/studies/OSD-218/download?source=datamanager&file=GLDS-218_rna-seq_SRR5306014_1.fastq.gz,False,Raw sequence data,,True,https://osdr.nasa.gov/geode-py/ws/studies/OSD-218/download?source=datamanager&file=GLDS-218_rna-seq_SRR5306014_1.fastq.gz
RNA-Seq,1571910562.6,1571910562.6,GLDS-218_rna-seq_SRR5305992_1.fastq.gz,1111537705,genelab,/geode-py/ws/studies/OSD-218/download?source=datamanager&file=GLDS-218_rna-seq_SRR5305992_1.fastq.gz,False,Raw sequence data,,True,https://osdr.nasa.gov/geode-py/ws/studies/OSD-218/download?source=datamanager&file=GLDS-218_rna-seq_SRR5305992_1.fastq.gz
RNA-Seq,1571910564.277,1571910564.277,GLDS-218_rna-seq_SRR5306019_2.fastq.gz,1224305968,genelab,/geode-py/ws/studies/OSD-218/download?source=datamanager&file=GLDS-218_rna-seq_SRR5306019_2.fastq.gz,False,Raw sequence data,,True,https://osdr.nasa.gov/geode-py/ws/studies/OSD-218/download?source=datamanager&file=GLDS-218_rna-seq_SRR5306019_2.fastq.gz
RNA-Seq,1571910560.454,1571910560.454,GLDS-218_rna-seq_SRR5306018_1.fastq.gz,874956753,genelab,/geode-py/ws/studies/OSD-218/download?source=datamanager&file=GLDS-218_rna-seq_SRR5306018_1.fastq.gz,False,Raw sequence data,,True,https://osdr.nasa.gov/geode-py/ws/studies/OSD-218/download?source=datamanager&file=GLDS-218_rna-seq_SRR5306018_1.fastq.gz
RNA-Seq,1571910546.666,1571910546.666,GLDS-218_rna-seq_SRR5306001_1.fastq.gz,1148008400,genelab,/geode-py/ws/studies/OSD-218/download?source=datamanager&file=GLDS-218_rna-seq_SRR5306001_1.fastq.gz,False,Raw sequence data,,True,https://osdr.nasa.gov/geode-py/ws/studies/OSD-218/download?source=datamanager&file=GLDS-218_rna-seq_SRR5306001_1.fastq.gz
RNA-Seq,1571910221.168,1571910221.168,GLDS-218_rna-seq_GSE95586_ROOTFT.vs.ROOTGC_diff_exp.xlsx,24475,genelab,/geode-py/ws/studies/OSD-218/download?source=datamanager&file=GLDS-218_rna-seq_GSE95586_ROOTFT.vs.ROOTGC_diff_exp.xlsx,False,Differential expression analysis data,,True,https://osdr.nasa.gov/geode-py/ws/studies/OSD-218/download?source=datamanager&file=GLDS-218_rna-seq_GSE95586_ROOTFT.vs.ROOTGC_diff_exp.xlsx
RNA-Seq,1571910551.694,1571910551.694,GLDS-218_rna-seq_SRR5306017_2.fastq.gz,1368915425,genelab,/geode-py/ws/studies/OSD-218/download?source=datamanager&file=GLDS-218_rna-seq_SRR5306017_2.fastq.gz,False,Raw sequence data,,True,https://osdr.nasa.gov/geode-py/ws/studies/OSD-218/download?source=datamanager&file=GLDS-218_rna-seq_SRR5306017_2.fastq.gz
RNA-Seq,1571910221.295,1571910221.295,GLDS-218_rna-seq_GSE95586_LEAFFT.vs.LEAFGC_diff_exp.xlsx,119123,genelab,/geode-py/ws/studies/OSD-218/download?source=datamanager&file=GLDS-218_rna-seq_GSE95586_LEAFFT.vs.LEAFGC_diff_exp.xlsx,False,Differential expression analysis data,,True,https://osdr.nasa.gov/geode-py/ws/studies/OSD-218/download?source=datamanager&file=GLDS-218_rna-seq_GSE95586_LEAFFT.vs.LEAFGC_diff_exp.xlsx
RNA-Seq,1571910540.468,1571910540.468,GLDS-218_rna-seq_SRR5306005_1.fastq.gz,954646086,genelab,/geode-py/ws/studies/OSD-218/download?source=datamanager&file=GLDS-218_rna-seq_SRR5306005_1.fastq.gz,False,Raw sequence data,,True,https://osdr.nasa.gov/geode-py/ws/studies/OSD-218/download?source=datamanager&file=GLDS-218_rna-seq_SRR5306005_1.fastq.gz
RNA-Seq,1571910570.244,1571910570.244,GLDS-218_rna-seq_SRR5305989_2.fastq.gz,1238601222,genelab,/geode-py/ws/studies/OSD-218/download?source=datamanager&file=GLDS-218_rna-seq_SRR5305989_2.fastq.gz,False,Raw sequence data,,True,https://osdr.nasa.gov/geode-py/ws/studies/OSD-218/download?source=datamanager&file=GLDS-218_rna-seq_SRR5305989_2.fastq.gz
RNA-Seq,1571910554.645,1571910554.645,GLDS-218_rna-seq_SRR5306016_1.fastq.gz,1177826847,genelab,/geode-py/ws/studies/OSD-218/download?source=datamanager&file=GLDS-218_rna-seq_SRR5306016_1.fastq.gz,False,Raw sequence data,,True,https://osdr.nasa.gov/geode-py/ws/studies/OSD-218/download?source=datamanager&file=GLDS-218_rna-seq_SRR5306016_1.fastq.gz
RNA-Seq,1571910583.904,1571910583.904,GLDS-218_rna-seq_SRR5305997_2.fastq.gz,1041049687,genelab,/geode-py/ws/studies/OSD-218/download?source=datamanager&file=GLDS-218_rna-seq_SRR5305997_2.fastq.gz,False,Raw sequence data,,True,https://osdr.nasa.gov/geode-py/ws/studies/OSD-218/download?source=datamanager&file=GLDS-218_rna-seq_SRR5305997_2.fastq.gz
RNA-Seq,1571910550.787,1571910550.787,GLDS-218_rna-seq_SRR5305992_2.fastq.gz,1380726712,genelab,/geode-py/ws/studies/OSD-218/download?source=datamanager&file=GLDS-218_rna-seq_SRR5305992_2.fastq.gz,False,Raw sequence data,,True,https://osdr.nasa.gov/geode-py/ws/studies/OSD-218/download?source=datamanager&file=GLDS-218_rna-seq_SRR5305992_2.fastq.gz
RNA-Seq,1571910547.518,1571910547.518,GLDS-218_rna-seq_SRR5306019_1.fastq.gz,991856541,genelab,/geode-py/ws/studies/OSD-218/download?source=datamanager&file=GLDS-218_rna-seq_SRR5306019_1.fastq.gz,False,Raw sequence data,,True,https://osdr.nasa.gov/geode-py/ws/studies/OSD-218/download?source=datamanager&file=GLDS-218_rna-seq_SRR5306019_1.fastq.gz
RNA-Seq,1571910548.142,1571910548.142,GLDS-218_rna-seq_SRR5306004_2.fastq.gz,1243569504,genelab,/geode-py/ws/studies/OSD-218/download?source=datamanager&file=GLDS-218_rna-seq_SRR5306004_2.fastq.gz,False,Raw sequence data,,True,https://osdr.nasa.gov/geode-py/ws/studies/OSD-218/download?source=datamanager&file=GLDS-218_rna-seq_SRR5306004_2.fastq.gz
RNA-Seq,1571910575.648,1571910575.648,GLDS-218_rna-seq_SRR5306007_2.fastq.gz,1279470884,genelab,/geode-py/ws/studies/OSD-218/download?source=datamanager&file=GLDS-218_rna-seq_SRR5306007_2.fastq.gz,False,Raw sequence data,,True,https://osdr.nasa.gov/geode-py/ws/studies/OSD-218/download?source=datamanager&file=GLDS-218_rna-seq_SRR5306007_2.fastq.gz
RNA-Seq,1571910553.221,1571910553.221,GLDS-218_rna-seq_SRR5305995_2.fastq.gz,1480756479,genelab,/geode-py/ws/studies/OSD-218/download?source=datamanager&file=GLDS-218_rna-seq_SRR5305995_2.fastq.gz,False,Raw sequence data,,True,https://osdr.nasa.gov/geode-py/ws/studies/OSD-218/download?source=datamanager&file=GLDS-218_rna-seq_SRR5305995_2.fastq.gz
RNA-Seq,1571910540.548,1571910540.548,GLDS-218_rna-seq_SRR5306009_2.fastq.gz,877482341,genelab,/geode-py/ws/studies/OSD-218/download?source=datamanager&file=GLDS-218_rna-seq_SRR5306009_2.fastq.gz,False,Raw sequence data,,True,https://osdr.nasa.gov/geode-py/ws/studies/OSD-218/download?source=datamanager&file=GLDS-218_rna-seq_SRR5306009_2.fastq.gz
RNA-Seq,1571910542.824,1571910542.824,GLDS-218_rna-seq_SRR5306013_1.fastq.gz,978530192,genelab,/geode-py/ws/studies/OSD-218/download?source=datamanager&file=GLDS-218_rna-seq_SRR5306013_1.fastq.gz,False,Raw sequence data,,True,https://osdr.nasa.gov/geode-py/ws/studies/OSD-218/download?source=datamanager&file=GLDS-218_rna-seq_SRR5306013_1.fastq.gz
RNA-Seq,1571910568.65,1571910568.65,GLDS-218_rna-seq_SRR5306011_2.fastq.gz,1511087447,genelab,/geode-py/ws/studies/OSD-218/download?source=datamanager&file=GLDS-218_rna-seq_SRR5306011_2.fastq.gz,False,Raw sequence data,,True,https://osdr.nasa.gov/geode-py/ws/studies/OSD-218/download?source=datamanager&file=GLDS-218_rna-seq_SRR5306011_2.fastq.gz
RNA-Seq,1571910560.516,1571910560.516,GLDS-218_rna-seq_SRR5306020_1.fastq.gz,940530984,genelab,/geode-py/ws/studies/OSD-218/download?source=datamanager&file=GLDS-218_rna-seq_SRR5306020_1.fastq.gz,False,Raw sequence data,,True,https://osdr.nasa.gov/geode-py/ws/studies/OSD-218/download?source=datamanager&file=GLDS-218_rna-seq_SRR5306020_1.fastq.gz
